1,502,2019-01-27,763
2,800,2019-01-27,101
3,717,2019-01-27,282
4,506,2019-01-27,710
5,581,2019-01-27,117
6,521,2019-01-27,541
7,602,2019-01-27,935
8,555,2019-01-27,483
9,828,2019-01-27,119
10,609,2019-01-27,129
11,526,2019-01-27,960
12,543,2019-01-27,411
13,610,2019-01-27,349
14,866,2019-01-27,19
15,802,2019-01-27,392
16,523,2019-01-27,866
17,855,2019-01-27,797
18,632,2019-01-27,161
19,501,2019-01-27,153
20,532,2019-01-27,603
21,803,2019-01-27,179
22,825,2019-01-27,831
23,549,2019-01-27,59
24,675,2019-01-27,459
25,807,2019-01-27,474
26,682,2019-01-27,359
27,565,2019-01-27,832
28,771,2019-01-27,591
29,862,2019-01-27,10
30,514,2019-01-27,414
31,538,2019-01-27,283
32,813,2019-01-27,1
33,648,2019-01-27,780
34,649,2019-01-27,900
35,868,2019-01-27,419
36,811,2019-01-27,946
37,502,2019-01-12,347
38,800,2019-01-12,946
39,717,2019-01-12,126
40,506,2019-01-12,451
41,581,2019-01-12,730
42,521,2019-01-12,529
43,602,2019-01-12,558
44,555,2019-01-12,599
45,828,2019-01-12,35
46,609,2019-01-12,453
47,526,2019-01-12,670
48,543,2019-01-12,788
49,610,2019-01-12,148
50,866,2019-01-12,980
51,802,2019-01-12,927
52,523,2019-01-12,382
53,855,2019-01-12,805
54,632,2019-01-12,516
55,501,2019-01-12,672
56,532,2019-01-12,822
57,803,2019-01-12,201
58,825,2019-01-12,303
59,549,2019-01-12,572
60,675,2019-01-12,10
61,807,2019-01-12,983
62,682,2019-01-12,110
63,565,2019-01-12,503
64,771,2019-01-12,337
65,862,2019-01-12,912
66,514,2019-01-12,811
67,538,2019-01-12,556
68,813,2019-01-12,450
69,648,2019-01-12,936
70,649,2019-01-12,20
71,868,2019-01-12,385
72,811,2019-01-12,418
73,502,2019-01-07,414
74,800,2019-01-07,189
75,717,2019-01-07,419
76,506,2019-01-07,722
77,581,2019-01-07,138
78,521,2019-01-07,653
79,602,2019-01-07,310
80,555,2019-01-07,435
81,828,2019-01-07,821
82,609,2019-01-07,737
83,526,2019-01-07,374
84,543,2019-01-07,180
85,610,2019-01-07,103
86,866,2019-01-07,987
87,802,2019-01-07,226
88,523,2019-01-07,131
89,855,2019-01-07,3
90,632,2019-01-07,555
91,501,2019-01-07,259
92,532,2019-01-07,743
93,803,2019-01-07,482
94,825,2019-01-07,718
95,549,2019-01-07,724
96,675,2019-01-07,291
97,807,2019-01-07,175
98,682,2019-01-07,915
99,565,2019-01-07,895
100,771,2019-01-07,668
101,862,2019-01-07,340
102,514,2019-01-07,647
103,538,2019-01-07,939
104,813,2019-01-07,920
105,648,2019-01-07,245
106,649,2019-01-07,120
107,868,2019-01-07,25
108,811,2019-01-07,925
109,502,2019-01-13,896
110,800,2019-01-13,801
111,717,2019-01-13,640
112,506,2019-01-13,286
113,581,2019-01-13,182
114,521,2019-01-13,219
115,602,2019-01-13,4
116,555,2019-01-13,309
117,828,2019-01-13,926
118,609,2019-01-13,197
119,526,2019-01-13,117
120,543,2019-01-13,405
121,610,2019-01-13,594
122,866,2019-01-13,193
123,802,2019-01-13,554
124,523,2019-01-13,77
125,855,2019-01-13,160
126,632,2019-01-13,609
127,501,2019-01-13,390
128,532,2019-01-13,854
129,803,2019-01-13,242
130,825,2019-01-13,517
131,549,2019-01-13,676
132,675,2019-01-13,268
133,807,2019-01-13,397
134,682,2019-01-13,526
135,565,2019-01-13,834
136,771,2019-01-13,565
137,862,2019-01-13,41
138,514,2019-01-13,143
139,538,2019-01-13,644
140,813,2019-01-13,296
141,648,2019-01-13,735
142,649,2019-01-13,264
143,868,2019-01-13,761
144,811,2019-01-13,820
145,502,2019-01-17,412
146,800,2019-01-17,205
147,717,2019-01-17,35
148,506,2019-01-17,649
149,581,2019-01-17,392
150,521,2019-01-17,904
151,602,2019-01-17,817
152,555,2019-01-17,37
153,828,2019-01-17,900
154,609,2019-01-17,542
155,526,2019-01-17,729
156,543,2019-01-17,551
157,610,2019-01-17,146
158,866,2019-01-17,686
159,802,2019-01-17,813
160,523,2019-01-17,324
161,855,2019-01-17,857
162,632,2019-01-17,655
163,501,2019-01-17,803
164,532,2019-01-17,126
165,803,2019-01-17,570
166,825,2019-01-17,634
167,549,2019-01-17,498
168,675,2019-01-17,487
169,807,2019-01-17,597
170,682,2019-01-17,812
171,565,2019-01-17,938
172,771,2019-01-17,774
173,862,2019-01-17,768
174,514,2019-01-17,16
175,538,2019-01-17,92
176,813,2019-01-17,884
177,648,2019-01-17,63
178,649,2019-01-17,517
179,868,2019-01-17,302
180,811,2019-01-17,846
181,502,2019-02-09,202
182,800,2019-02-09,752
183,717,2019-02-09,60
184,506,2019-02-09,377
185,581,2019-02-09,281
186,521,2019-02-09,373
187,602,2019-02-09,693
188,555,2019-02-09,488
189,828,2019-02-09,742
190,609,2019-02-09,157
191,526,2019-02-09,905
192,543,2019-02-09,876
193,610,2019-02-09,840
194,866,2019-02-09,869
195,802,2019-02-09,410
196,523,2019-02-09,262
197,855,2019-02-09,586
198,632,2019-02-09,993
199,501,2019-02-09,514
200,532,2019-02-09,818
201,803,2019-02-09,439
202,825,2019-02-09,768
203,549,2019-02-09,550
204,675,2019-02-09,533
205,807,2019-02-09,424
206,682,2019-02-09,234
207,565,2019-02-09,896
208,771,2019-02-09,917
209,862,2019-02-09,51
210,514,2019-02-09,600
211,538,2019-02-09,189
212,813,2019-02-09,669
213,648,2019-02-09,50
214,649,2019-02-09,533
215,868,2019-02-09,954
216,811,2019-02-09,173
217,502,2019-01-10,300
218,800,2019-01-10,858
219,717,2019-01-10,877
220,506,2019-01-10,344
221,581,2019-01-10,851
222,521,2019-01-10,239
223,602,2019-01-10,232
224,555,2019-01-10,352
225,828,2019-01-10,91
226,609,2019-01-10,453
227,526,2019-01-10,454
228,543,2019-01-10,783
229,610,2019-01-10,458
230,866,2019-01-10,231
231,802,2019-01-10,334
232,523,2019-01-10,317
233,855,2019-01-10,66
234,632,2019-01-10,178
235,501,2019-01-10,904
236,532,2019-01-10,463
237,803,2019-01-10,592
238,825,2019-01-10,846
239,549,2019-01-10,736
240,675,2019-01-10,25
241,807,2019-01-10,553
242,682,2019-01-10,380
243,565,2019-01-10,766
244,771,2019-01-10,927
245,862,2019-01-10,915
246,514,2019-01-10,395
247,538,2019-01-10,789
248,813,2019-01-10,387
249,648,2019-01-10,185
250,649,2019-01-10,757
251,868,2019-01-10,486
252,811,2019-01-10,844
253,502,2019-02-04,89
254,800,2019-02-04,783
255,717,2019-02-04,291
256,506,2019-02-04,508
257,581,2019-02-04,828
258,521,2019-02-04,586
259,602,2019-02-04,106
260,555,2019-02-04,930
261,828,2019-02-04,787
262,609,2019-02-04,975
263,526,2019-02-04,993
264,543,2019-02-04,93
265,610,2019-02-04,92
266,866,2019-02-04,61
267,802,2019-02-04,826
268,523,2019-02-04,540
269,855,2019-02-04,6
270,632,2019-02-04,815
271,501,2019-02-04,387
272,532,2019-02-04,822
273,803,2019-02-04,398
274,825,2019-02-04,977
275,549,2019-02-04,545
276,675,2019-02-04,396
277,807,2019-02-04,819
278,682,2019-02-04,191
279,565,2019-02-04,419
280,771,2019-02-04,703
281,862,2019-02-04,725
282,514,2019-02-04,572
283,538,2019-02-04,162
284,813,2019-02-04,570
285,648,2019-02-04,729
286,649,2019-02-04,648
287,868,2019-02-04,924
288,811,2019-02-04,75
289,502,2019-01-04,652
290,800,2019-01-04,450
291,717,2019-01-04,763
292,506,2019-01-04,918
293,581,2019-01-04,388
294,521,2019-01-04,394
295,602,2019-01-04,947
296,555,2019-01-04,199
297,828,2019-01-04,3
298,609,2019-01-04,208
299,526,2019-01-04,632
300,543,2019-01-04,212
301,610,2019-01-04,765
302,866,2019-01-04,11
303,802,2019-01-04,117
304,523,2019-01-04,567
305,855,2019-01-04,732
306,632,2019-01-04,238
307,501,2019-01-04,253
308,532,2019-01-04,853
309,803,2019-01-04,655
310,825,2019-01-04,363
311,549,2019-01-04,149
312,675,2019-01-04,439
313,807,2019-01-04,983
314,682,2019-01-04,905
315,565,2019-01-04,158
316,771,2019-01-04,234
317,862,2019-01-04,967
318,514,2019-01-04,962
319,538,2019-01-04,55
320,813,2019-01-04,2
321,648,2019-01-04,178
322,649,2019-01-04,178
323,868,2019-01-04,549
324,811,2019-01-04,405
325,502,2019-01-30,756
326,800,2019-01-30,889
327,717,2019-01-30,827
328,506,2019-01-30,524
329,581,2019-01-30,718
330,521,2019-01-30,747
331,602,2019-01-30,258
332,555,2019-01-30,928
333,828,2019-01-30,308
334,609,2019-01-30,762
335,526,2019-01-30,699
336,543,2019-01-30,668
337,610,2019-01-30,740
338,866,2019-01-30,215
339,802,2019-01-30,790
340,523,2019-01-30,498
341,855,2019-01-30,239
342,632,2019-01-30,783
343,501,2019-01-30,712
344,532,2019-01-30,651
345,803,2019-01-30,216
346,825,2019-01-30,696
347,549,2019-01-30,303
348,675,2019-01-30,307
349,807,2019-01-30,958
350,682,2019-01-30,398
351,565,2019-01-30,179
352,771,2019-01-30,684
353,862,2019-01-30,551
354,514,2019-01-30,957
355,538,2019-01-30,634
356,813,2019-01-30,246
357,648,2019-01-30,916
358,649,2019-01-30,31
359,868,2019-01-30,194
360,811,2019-01-30,62
361,502,2019-01-24,334
362,800,2019-01-24,227
363,717,2019-01-24,79
364,506,2019-01-24,594
365,581,2019-01-24,427
366,521,2019-01-24,170
367,602,2019-01-24,417
368,555,2019-01-24,61
369,828,2019-01-24,576
370,609,2019-01-24,756
371,526,2019-01-24,70
372,543,2019-01-24,344
373,610,2019-01-24,445
374,866,2019-01-24,33
375,802,2019-01-24,25
376,523,2019-01-24,412
377,855,2019-01-24,482
378,632,2019-01-24,669
379,501,2019-01-24,712
380,532,2019-01-24,693
381,803,2019-01-24,688
382,825,2019-01-24,143
383,549,2019-01-24,776
384,675,2019-01-24,849
385,807,2019-01-24,89
386,682,2019-01-24,396
387,565,2019-01-24,661
388,771,2019-01-24,63
389,862,2019-01-24,673
390,514,2019-01-24,127
391,538,2019-01-24,121
392,813,2019-01-24,294
393,648,2019-01-24,429
394,649,2019-01-24,537
395,868,2019-01-24,38
396,811,2019-01-24,485
397,502,2019-01-23,849
398,800,2019-01-23,502
399,717,2019-01-23,788
400,506,2019-01-23,866
401,581,2019-01-23,231
402,521,2019-01-23,282
403,602,2019-01-23,534
404,555,2019-01-23,536
405,828,2019-01-23,309
406,609,2019-01-23,25
407,526,2019-01-23,237
408,543,2019-01-23,195
409,610,2019-01-23,133
410,866,2019-01-23,516
411,802,2019-01-23,316
412,523,2019-01-23,487
413,855,2019-01-23,35
414,632,2019-01-23,754
415,501,2019-01-23,794
416,532,2019-01-23,38
417,803,2019-01-23,533
418,825,2019-01-23,476
419,549,2019-01-23,969
420,675,2019-01-23,110
421,807,2019-01-23,677
422,682,2019-01-23,934
423,565,2019-01-23,292
424,771,2019-01-23,504
425,862,2019-01-23,102
426,514,2019-01-23,258
427,538,2019-01-23,327
428,813,2019-01-23,557
429,648,2019-01-23,444
430,649,2019-01-23,184
431,868,2019-01-23,181
432,811,2019-01-23,793
433,502,2019-02-14,774
434,800,2019-02-14,748
435,717,2019-02-14,720
436,506,2019-02-14,838
437,581,2019-02-14,670
438,521,2019-02-14,771
439,602,2019-02-14,783
440,555,2019-02-14,68
441,828,2019-02-14,968
442,609,2019-02-14,574
443,526,2019-02-14,277
444,543,2019-02-14,988
445,610,2019-02-14,415
446,866,2019-02-14,306
447,802,2019-02-14,221
448,523,2019-02-14,237
449,855,2019-02-14,297
450,632,2019-02-14,496
451,501,2019-02-14,508
452,532,2019-02-14,825
453,803,2019-02-14,684
454,825,2019-02-14,761
455,549,2019-02-14,170
456,675,2019-02-14,699
457,807,2019-02-14,943
458,682,2019-02-14,638
459,565,2019-02-14,959
460,771,2019-02-14,992
461,862,2019-02-14,933
462,514,2019-02-14,960
463,538,2019-02-14,678
464,813,2019-02-14,21
465,648,2019-02-14,784
466,649,2019-02-14,930
467,868,2019-02-14,869
468,811,2019-02-14,7
469,502,2019-02-15,924
470,800,2019-02-15,452
471,717,2019-02-15,275
472,506,2019-02-15,646
473,581,2019-02-15,124
474,521,2019-02-15,307
475,602,2019-02-15,33
476,555,2019-02-15,226
477,828,2019-02-15,726
478,609,2019-02-15,808
479,526,2019-02-15,692
480,543,2019-02-15,540
481,610,2019-02-15,112
482,866,2019-02-15,662
483,802,2019-02-15,159
484,523,2019-02-15,776
485,855,2019-02-15,838
486,632,2019-02-15,611
487,501,2019-02-15,250
488,532,2019-02-15,378
489,803,2019-02-15,367
490,825,2019-02-15,2
491,549,2019-02-15,180
492,675,2019-02-15,39
493,807,2019-02-15,503
494,682,2019-02-15,221
495,565,2019-02-15,225
496,771,2019-02-15,613
497,862,2019-02-15,898
498,514,2019-02-15,441
499,538,2019-02-15,987
500,813,2019-02-15,386
501,648,2019-02-15,798
502,649,2019-02-15,150
503,868,2019-02-15,314
504,811,2019-02-15,595
505,502,2019-01-11,469
506,800,2019-01-11,305
507,717,2019-01-11,510
508,506,2019-01-11,256
509,581,2019-01-11,241
510,521,2019-01-11,952
511,602,2019-01-11,435
512,555,2019-01-11,513
513,828,2019-01-11,332
514,609,2019-01-11,316
515,526,2019-01-11,779
516,543,2019-01-11,710
517,610,2019-01-11,300
518,866,2019-01-11,834
519,802,2019-01-11,100
520,523,2019-01-11,503
521,855,2019-01-11,305
522,632,2019-01-11,50
523,501,2019-01-11,842
524,532,2019-01-11,843
525,803,2019-01-11,182
526,825,2019-01-11,446
527,549,2019-01-11,281
528,675,2019-01-11,3
529,807,2019-01-11,722
530,682,2019-01-11,650
531,565,2019-01-11,217
532,771,2019-01-11,763
533,862,2019-01-11,286
534,514,2019-01-11,972
535,538,2019-01-11,289
536,813,2019-01-11,339
537,648,2019-01-11,439
538,649,2019-01-11,792
539,868,2019-01-11,200
540,811,2019-01-11,601
541,502,2019-02-19,496
542,800,2019-02-19,518
543,717,2019-02-19,365
544,506,2019-02-19,454
545,581,2019-02-19,947
546,521,2019-02-19,778
547,602,2019-02-19,893
548,555,2019-02-19,1
549,828,2019-02-19,236
550,609,2019-02-19,293
551,526,2019-02-19,862
552,543,2019-02-19,125
553,610,2019-02-19,217
554,866,2019-02-19,251
555,802,2019-02-19,831
556,523,2019-02-19,479
557,855,2019-02-19,398
558,632,2019-02-19,749
559,501,2019-02-19,853
560,532,2019-02-19,574
561,803,2019-02-19,309
562,825,2019-02-19,563
563,549,2019-02-19,295
564,675,2019-02-19,934
565,807,2019-02-19,812
566,682,2019-02-19,329
567,565,2019-02-19,617
568,771,2019-02-19,697
569,862,2019-02-19,954
570,514,2019-02-19,581
571,538,2019-02-19,990
572,813,2019-02-19,989
573,648,2019-02-19,432
574,649,2019-02-19,73
575,868,2019-02-19,32
576,811,2019-02-19,590
577,502,2019-02-27,949
578,800,2019-02-27,124
579,717,2019-02-27,254
580,506,2019-02-27,844
581,581,2019-02-27,323
582,521,2019-02-27,247
583,602,2019-02-27,645
584,555,2019-02-27,971
585,828,2019-02-27,168
586,609,2019-02-27,340
587,526,2019-02-27,46
588,543,2019-02-27,526
589,610,2019-02-27,619
590,866,2019-02-27,13
591,802,2019-02-27,452
592,523,2019-02-27,190
593,855,2019-02-27,561
594,632,2019-02-27,428
595,501,2019-02-27,762
596,532,2019-02-27,567
597,803,2019-02-27,121
598,825,2019-02-27,219
599,549,2019-02-27,412
600,675,2019-02-27,763
601,807,2019-02-27,90
602,682,2019-02-27,383
603,565,2019-02-27,516
604,771,2019-02-27,816
605,862,2019-02-27,865
606,514,2019-02-27,875
607,538,2019-02-27,719
608,813,2019-02-27,323
609,648,2019-02-27,922
610,649,2019-02-27,478
611,868,2019-02-27,678
612,811,2019-02-27,354
613,502,2019-02-06,238
614,800,2019-02-06,159
615,717,2019-02-06,60
616,506,2019-02-06,839
617,581,2019-02-06,661
618,521,2019-02-06,20
619,602,2019-02-06,273
620,555,2019-02-06,901
621,828,2019-02-06,782
622,609,2019-02-06,973
623,526,2019-02-06,874
624,543,2019-02-06,402
625,610,2019-02-06,124
626,866,2019-02-06,229
627,802,2019-02-06,886
628,523,2019-02-06,122
629,855,2019-02-06,557
630,632,2019-02-06,702
631,501,2019-02-06,119
632,532,2019-02-06,744
633,803,2019-02-06,382
634,825,2019-02-06,133
635,549,2019-02-06,577
636,675,2019-02-06,227
637,807,2019-02-06,732
638,682,2019-02-06,740
639,565,2019-02-06,132
640,771,2019-02-06,451
641,862,2019-02-06,102
642,514,2019-02-06,747
643,538,2019-02-06,159
644,813,2019-02-06,600
645,648,2019-02-06,77
646,649,2019-02-06,296
647,868,2019-02-06,331
648,811,2019-02-06,132
649,502,2019-02-05,518
650,800,2019-02-05,90
651,717,2019-02-05,287
652,506,2019-02-05,471
653,581,2019-02-05,594
654,521,2019-02-05,434
655,602,2019-02-05,459
656,555,2019-02-05,673
657,828,2019-02-05,791
658,609,2019-02-05,529
659,526,2019-02-05,863
660,543,2019-02-05,966
661,610,2019-02-05,609
662,866,2019-02-05,369
663,802,2019-02-05,53
664,523,2019-02-05,425
665,855,2019-02-05,779
666,632,2019-02-05,130
667,501,2019-02-05,417
668,532,2019-02-05,567
669,803,2019-02-05,182
670,825,2019-02-05,114
671,549,2019-02-05,380
672,675,2019-02-05,754
673,807,2019-02-05,956
674,682,2019-02-05,525
675,565,2019-02-05,369
676,771,2019-02-05,525
677,862,2019-02-05,851
678,514,2019-02-05,155
679,538,2019-02-05,419
680,813,2019-02-05,847
681,648,2019-02-05,183
682,649,2019-02-05,437
683,868,2019-02-05,162
684,811,2019-02-05,846
685,502,2019-01-03,141
686,800,2019-01-03,791
687,717,2019-01-03,75
688,506,2019-01-03,65
689,581,2019-01-03,648
690,521,2019-01-03,435
691,602,2019-01-03,29
692,555,2019-01-03,324
693,828,2019-01-03,297
694,609,2019-01-03,296
695,526,2019-01-03,487
696,543,2019-01-03,386
697,610,2019-01-03,694
698,866,2019-01-03,884
699,802,2019-01-03,579
700,523,2019-01-03,528
701,855,2019-01-03,169
702,632,2019-01-03,236
703,501,2019-01-03,675
704,532,2019-01-03,502
705,803,2019-01-03,45
706,825,2019-01-03,678
707,549,2019-01-03,766
708,675,2019-01-03,194
709,807,2019-01-03,390
710,682,2019-01-03,809
711,565,2019-01-03,806
712,771,2019-01-03,481
713,862,2019-01-03,711
714,514,2019-01-03,875
715,538,2019-01-03,360
716,813,2019-01-03,725
717,648,2019-01-03,739
718,649,2019-01-03,796
719,868,2019-01-03,519
720,811,2019-01-03,477
721,502,2019-02-24,546
722,800,2019-02-24,749
723,717,2019-02-24,952
724,506,2019-02-24,422
725,581,2019-02-24,621
726,521,2019-02-24,399
727,602,2019-02-24,98
728,555,2019-02-24,549
729,828,2019-02-24,489
730,609,2019-02-24,75
731,526,2019-02-24,373
732,543,2019-02-24,81
733,610,2019-02-24,534
734,866,2019-02-24,666
735,802,2019-02-24,834
736,523,2019-02-24,398
737,855,2019-02-24,488
738,632,2019-02-24,140
739,501,2019-02-24,195
740,532,2019-02-24,860
741,803,2019-02-24,204
742,825,2019-02-24,964
743,549,2019-02-24,918
744,675,2019-02-24,146
745,807,2019-02-24,593
746,682,2019-02-24,803
747,565,2019-02-24,922
748,771,2019-02-24,802
749,862,2019-02-24,804
750,514,2019-02-24,551
751,538,2019-02-24,306
752,813,2019-02-24,812
753,648,2019-02-24,982
754,649,2019-02-24,29
755,868,2019-02-24,224
756,811,2019-02-24,569
757,502,2019-02-18,310
758,800,2019-02-18,11
759,717,2019-02-18,790
760,506,2019-02-18,121
761,581,2019-02-18,188
762,521,2019-02-18,910
763,602,2019-02-18,956
764,555,2019-02-18,346
765,828,2019-02-18,575
766,609,2019-02-18,651
767,526,2019-02-18,6
768,543,2019-02-18,316
769,610,2019-02-18,801
770,866,2019-02-18,151
771,802,2019-02-18,933
772,523,2019-02-18,729
773,855,2019-02-18,668
774,632,2019-02-18,28
775,501,2019-02-18,356
776,532,2019-02-18,836
777,803,2019-02-18,869
778,825,2019-02-18,600
779,549,2019-02-18,481
780,675,2019-02-18,929
781,807,2019-02-18,694
782,682,2019-02-18,187
783,565,2019-02-18,571
784,771,2019-02-18,833
785,862,2019-02-18,892
786,514,2019-02-18,103
787,538,2019-02-18,774
788,813,2019-02-18,463
789,648,2019-02-18,972
790,649,2019-02-18,334
791,868,2019-02-18,659
792,811,2019-02-18,811
793,502,2019-01-20,408
794,800,2019-01-20,944
795,717,2019-01-20,961
796,506,2019-01-20,551
797,581,2019-01-20,990
798,521,2019-01-20,166
799,602,2019-01-20,208
800,555,2019-01-20,181
801,828,2019-01-20,447
802,609,2019-01-20,655
803,526,2019-01-20,895
804,543,2019-01-20,2
805,610,2019-01-20,936
806,866,2019-01-20,685
807,802,2019-01-20,335
808,523,2019-01-20,323
809,855,2019-01-20,206
810,632,2019-01-20,404
811,501,2019-01-20,845
812,532,2019-01-20,766
813,803,2019-01-20,103
814,825,2019-01-20,15
815,549,2019-01-20,718
816,675,2019-01-20,395
817,807,2019-01-20,281
818,682,2019-01-20,754
819,565,2019-01-20,297
820,771,2019-01-20,788
821,862,2019-01-20,163
822,514,2019-01-20,389
823,538,2019-01-20,810
824,813,2019-01-20,852
825,648,2019-01-20,556
826,649,2019-01-20,93
827,868,2019-01-20,12
828,811,2019-01-20,771
829,502,2019-01-26,491
830,800,2019-01-26,467
831,717,2019-01-26,246
832,506,2019-01-26,862
833,581,2019-01-26,18
834,521,2019-01-26,333
835,602,2019-01-26,44
836,555,2019-01-26,964
837,828,2019-01-26,820
838,609,2019-01-26,534
839,526,2019-01-26,858
840,543,2019-01-26,111
841,610,2019-01-26,173
842,866,2019-01-26,528
843,802,2019-01-26,826
844,523,2019-01-26,62
845,855,2019-01-26,141
846,632,2019-01-26,711
847,501,2019-01-26,633
848,532,2019-01-26,464
849,803,2019-01-26,611
850,825,2019-01-26,822
851,549,2019-01-26,242
852,675,2019-01-26,137
853,807,2019-01-26,337
854,682,2019-01-26,368
855,565,2019-01-26,679
856,771,2019-01-26,646
857,862,2019-01-26,409
858,514,2019-01-26,433
859,538,2019-01-26,395
860,813,2019-01-26,410
861,648,2019-01-26,885
862,649,2019-01-26,132
863,868,2019-01-26,8
864,811,2019-01-26,496
865,502,2019-02-13,153
866,800,2019-02-13,504
867,717,2019-02-13,556
868,506,2019-02-13,959
869,581,2019-02-13,647
870,521,2019-02-13,288
871,602,2019-02-13,198
872,555,2019-02-13,832
873,828,2019-02-13,770
874,609,2019-02-13,987
875,526,2019-02-13,686
876,543,2019-02-13,407
877,610,2019-02-13,698
878,866,2019-02-13,525
879,802,2019-02-13,367
880,523,2019-02-13,391
881,855,2019-02-13,80
882,632,2019-02-13,598
883,501,2019-02-13,298
884,532,2019-02-13,694
885,803,2019-02-13,176
886,825,2019-02-13,397
887,549,2019-02-13,455
888,675,2019-02-13,934
889,807,2019-02-13,656
890,682,2019-02-13,172
891,565,2019-02-13,945
892,771,2019-02-13,165
893,862,2019-02-13,661
894,514,2019-02-13,403
895,538,2019-02-13,657
896,813,2019-02-13,397
897,648,2019-02-13,588
898,649,2019-02-13,135
899,868,2019-02-13,761
900,811,2019-02-13,431
901,502,2019-02-22,215
902,800,2019-02-22,936
903,717,2019-02-22,834
904,506,2019-02-22,385
905,581,2019-02-22,694
906,521,2019-02-22,202
907,602,2019-02-22,491
908,555,2019-02-22,262
909,828,2019-02-22,726
910,609,2019-02-22,982
911,526,2019-02-22,33
912,543,2019-02-22,153
913,610,2019-02-22,240
914,866,2019-02-22,878
915,802,2019-02-22,946
916,523,2019-02-22,563
917,855,2019-02-22,551
918,632,2019-02-22,728
919,501,2019-02-22,303
920,532,2019-02-22,829
921,803,2019-02-22,765
922,825,2019-02-22,130
923,549,2019-02-22,380
924,675,2019-02-22,796
925,807,2019-02-22,223
926,682,2019-02-22,455
927,565,2019-02-22,8
928,771,2019-02-22,469
929,862,2019-02-22,40
930,514,2019-02-22,537
931,538,2019-02-22,137
932,813,2019-02-22,731
933,648,2019-02-22,336
934,649,2019-02-22,26
935,868,2019-02-22,484
936,811,2019-02-22,619
937,502,2019-02-02,988
938,800,2019-02-02,434
939,717,2019-02-02,517
940,506,2019-02-02,148
941,581,2019-02-02,120
942,521,2019-02-02,380
943,602,2019-02-02,732
944,555,2019-02-02,519
945,828,2019-02-02,663
946,609,2019-02-02,655
947,526,2019-02-02,793
948,543,2019-02-02,666
949,610,2019-02-02,870
950,866,2019-02-02,334
951,802,2019-02-02,124
952,523,2019-02-02,85
953,855,2019-02-02,108
954,632,2019-02-02,234
955,501,2019-02-02,788
956,532,2019-02-02,563
957,803,2019-02-02,862
958,825,2019-02-02,435
959,549,2019-02-02,887
960,675,2019-02-02,153
961,807,2019-02-02,221
962,682,2019-02-02,611
963,565,2019-02-02,107
964,771,2019-02-02,251
965,862,2019-02-02,558
966,514,2019-02-02,695
967,538,2019-02-02,843
968,813,2019-02-02,157
969,648,2019-02-02,256
970,649,2019-02-02,890
971,868,2019-02-02,775
972,811,2019-02-02,562
973,502,2019-01-22,353
974,800,2019-01-22,229
975,717,2019-01-22,243
976,506,2019-01-22,281
977,581,2019-01-22,470
978,521,2019-01-22,314
979,602,2019-01-22,324
980,555,2019-01-22,725
981,828,2019-01-22,280
982,609,2019-01-22,324
983,526,2019-01-22,704
984,543,2019-01-22,20
985,610,2019-01-22,335
986,866,2019-01-22,504
987,802,2019-01-22,227
988,523,2019-01-22,751
989,855,2019-01-22,496
990,632,2019-01-22,856
991,501,2019-01-22,605
992,532,2019-01-22,121
993,803,2019-01-22,416
994,825,2019-01-22,255
995,549,2019-01-22,932
996,675,2019-01-22,112
997,807,2019-01-22,211
998,682,2019-01-22,145
999,565,2019-01-22,726
1000,771,2019-01-22,714
1001,862,2019-01-22,583
1002,514,2019-01-22,100
1003,538,2019-01-22,377
1004,813,2019-01-22,436
1005,648,2019-01-22,589
1006,649,2019-01-22,403
1007,868,2019-01-22,55
1008,811,2019-01-22,775
1009,502,2019-01-28,991
1010,800,2019-01-28,390
1011,717,2019-01-28,807
1012,506,2019-01-28,179
1013,581,2019-01-28,222
1014,521,2019-01-28,235
1015,602,2019-01-28,215
1016,555,2019-01-28,243
1017,828,2019-01-28,276
1018,609,2019-01-28,938
1019,526,2019-01-28,698
1020,543,2019-01-28,581
1021,610,2019-01-28,246
1022,866,2019-01-28,129
1023,802,2019-01-28,675
1024,523,2019-01-28,9
1025,855,2019-01-28,397
1026,632,2019-01-28,231
1027,501,2019-01-28,790
1028,532,2019-01-28,16
1029,803,2019-01-28,791
1030,825,2019-01-28,782
1031,549,2019-01-28,592
1032,675,2019-01-28,471
1033,807,2019-01-28,722
1034,682,2019-01-28,653
1035,565,2019-01-28,597
1036,771,2019-01-28,930
1037,862,2019-01-28,525
1038,514,2019-01-28,53
1039,538,2019-01-28,171
1040,813,2019-01-28,529
1041,648,2019-01-28,253
1042,649,2019-01-28,659
1043,868,2019-01-28,947
1044,811,2019-01-28,681
1045,502,2019-02-17,810
1046,800,2019-02-17,425
1047,717,2019-02-17,700
1048,506,2019-02-17,559
1049,581,2019-02-17,321
1050,521,2019-02-17,636
1051,602,2019-02-17,870
1052,555,2019-02-17,832
1053,828,2019-02-17,158
1054,609,2019-02-17,46
1055,526,2019-02-17,307
1056,543,2019-02-17,628
1057,610,2019-02-17,205
1058,866,2019-02-17,746
1059,802,2019-02-17,317
1060,523,2019-02-17,873
1061,855,2019-02-17,579
1062,632,2019-02-17,562
1063,501,2019-02-17,176
1064,532,2019-02-17,154
1065,803,2019-02-17,767
1066,825,2019-02-17,491
1067,549,2019-02-17,539
1068,675,2019-02-17,152
1069,807,2019-02-17,577
1070,682,2019-02-17,547
1071,565,2019-02-17,951
1072,771,2019-02-17,762
1073,862,2019-02-17,209
1074,514,2019-02-17,967
1075,538,2019-02-17,436
1076,813,2019-02-17,805
1077,648,2019-02-17,128
1078,649,2019-02-17,915
1079,868,2019-02-17,285
1080,811,2019-02-17,298
1081,502,2019-01-09,616
1082,800,2019-01-09,492
1083,717,2019-01-09,111
1084,506,2019-01-09,148
1085,581,2019-01-09,244
1086,521,2019-01-09,971
1087,602,2019-01-09,333
1088,555,2019-01-09,142
1089,828,2019-01-09,206
1090,609,2019-01-09,485
1091,526,2019-01-09,480
1092,543,2019-01-09,239
1093,610,2019-01-09,21
1094,866,2019-01-09,695
1095,802,2019-01-09,447
1096,523,2019-01-09,406
1097,855,2019-01-09,319
1098,632,2019-01-09,418
1099,501,2019-01-09,460
1100,532,2019-01-09,529
1101,803,2019-01-09,872
1102,825,2019-01-09,149
1103,549,2019-01-09,698
1104,675,2019-01-09,236
1105,807,2019-01-09,820
1106,682,2019-01-09,470
1107,565,2019-01-09,690
1108,771,2019-01-09,564
1109,862,2019-01-09,128
1110,514,2019-01-09,340
1111,538,2019-01-09,646
1112,813,2019-01-09,142
1113,648,2019-01-09,907
1114,649,2019-01-09,687
1115,868,2019-01-09,774
1116,811,2019-01-09,474
1117,502,2019-02-10,577
1118,800,2019-02-10,754
1119,717,2019-02-10,751
1120,506,2019-02-10,365
1121,581,2019-02-10,447
1122,521,2019-02-10,612
1123,602,2019-02-10,499
1124,555,2019-02-10,389
1125,828,2019-02-10,500
1126,609,2019-02-10,127
1127,526,2019-02-10,807
1128,543,2019-02-10,566
1129,610,2019-02-10,720
1130,866,2019-02-10,292
1131,802,2019-02-10,953
1132,523,2019-02-10,601
1133,855,2019-02-10,518
1134,632,2019-02-10,414
1135,501,2019-02-10,452
1136,532,2019-02-10,322
1137,803,2019-02-10,427
1138,825,2019-02-10,224
1139,549,2019-02-10,962
1140,675,2019-02-10,763
1141,807,2019-02-10,613
1142,682,2019-02-10,20
1143,565,2019-02-10,609
1144,771,2019-02-10,993
1145,862,2019-02-10,585
1146,514,2019-02-10,334
1147,538,2019-02-10,852
1148,813,2019-02-10,854
1149,648,2019-02-10,442
1150,649,2019-02-10,819
1151,868,2019-02-10,918
1152,811,2019-02-10,237
1153,502,2019-01-21,709
1154,800,2019-01-21,416
1155,717,2019-01-21,282
1156,506,2019-01-21,656
1157,581,2019-01-21,830
1158,521,2019-01-21,433
1159,602,2019-01-21,99
1160,555,2019-01-21,783
1161,828,2019-01-21,445
1162,609,2019-01-21,623
1163,526,2019-01-21,842
1164,543,2019-01-21,170
1165,610,2019-01-21,905
1166,866,2019-01-21,536
1167,802,2019-01-21,941
1168,523,2019-01-21,942
1169,855,2019-01-21,92
1170,632,2019-01-21,807
1171,501,2019-01-21,897
1172,532,2019-01-21,774
1173,803,2019-01-21,490
1174,825,2019-01-21,825
1175,549,2019-01-21,561
1176,675,2019-01-21,343
1177,807,2019-01-21,70
1178,682,2019-01-21,433
1179,565,2019-01-21,416
1180,771,2019-01-21,805
1181,862,2019-01-21,418
1182,514,2019-01-21,190
1183,538,2019-01-21,295
1184,813,2019-01-21,490
1185,648,2019-01-21,420
1186,649,2019-01-21,866
1187,868,2019-01-21,4
1188,811,2019-01-21,806
1189,502,2019-01-01,138
1190,800,2019-01-01,934
1191,717,2019-01-01,204
1192,506,2019-01-01,594
1193,581,2019-01-01,623
1194,521,2019-01-01,175
1195,602,2019-01-01,590
1196,555,2019-01-01,359
1197,828,2019-01-01,32
1198,609,2019-01-01,598
1199,526,2019-01-01,778
1200,543,2019-01-01,758
1201,610,2019-01-01,534
1202,866,2019-01-01,755
1203,802,2019-01-01,227
1204,523,2019-01-01,116
1205,855,2019-01-01,726
1206,632,2019-01-01,16
1207,501,2019-01-01,131
1208,532,2019-01-01,743
1209,803,2019-01-01,49
1210,825,2019-01-01,280
1211,549,2019-01-01,34
1212,675,2019-01-01,327
1213,807,2019-01-01,653
1214,682,2019-01-01,42
1215,565,2019-01-01,949
1216,771,2019-01-01,122
1217,862,2019-01-01,709
1218,514,2019-01-01,660
1219,538,2019-01-01,489
1220,813,2019-01-01,64
1221,648,2019-01-01,780
1222,649,2019-01-01,111
1223,868,2019-01-01,181
1224,811,2019-01-01,792
1225,502,2019-01-16,433
1226,800,2019-01-16,175
1227,717,2019-01-16,321
1228,506,2019-01-16,68
1229,581,2019-01-16,955
1230,521,2019-01-16,944
1231,602,2019-01-16,749
1232,555,2019-01-16,486
1233,828,2019-01-16,895
1234,609,2019-01-16,169
1235,526,2019-01-16,325
1236,543,2019-01-16,336
1237,610,2019-01-16,922
1238,866,2019-01-16,526
1239,802,2019-01-16,9
1240,523,2019-01-16,953
1241,855,2019-01-16,852
1242,632,2019-01-16,938
1243,501,2019-01-16,448
1244,532,2019-01-16,720
1245,803,2019-01-16,593
1246,825,2019-01-16,51
1247,549,2019-01-16,319
1248,675,2019-01-16,442
1249,807,2019-01-16,362
1250,682,2019-01-16,321
1251,565,2019-01-16,982
1252,771,2019-01-16,428
1253,862,2019-01-16,205
1254,514,2019-01-16,57
1255,538,2019-01-16,886
1256,813,2019-01-16,867
1257,648,2019-01-16,416
1258,649,2019-01-16,354
1259,868,2019-01-16,117
1260,811,2019-01-16,167
1261,502,2019-01-06,428
1262,800,2019-01-06,545
1263,717,2019-01-06,150
1264,506,2019-01-06,176
1265,581,2019-01-06,230
1266,521,2019-01-06,738
1267,602,2019-01-06,620
1268,555,2019-01-06,301
1269,828,2019-01-06,949
1270,609,2019-01-06,824
1271,526,2019-01-06,950
1272,543,2019-01-06,260
1273,610,2019-01-06,307
1274,866,2019-01-06,693
1275,802,2019-01-06,517
1276,523,2019-01-06,829
1277,855,2019-01-06,728
1278,632,2019-01-06,137
1279,501,2019-01-06,832
1280,532,2019-01-06,263
1281,803,2019-01-06,287
1282,825,2019-01-06,739
1283,549,2019-01-06,772
1284,675,2019-01-06,370
1285,807,2019-01-06,662
1286,682,2019-01-06,461
1287,565,2019-01-06,179
1288,771,2019-01-06,761
1289,862,2019-01-06,125
1290,514,2019-01-06,285
1291,538,2019-01-06,437
1292,813,2019-01-06,638
1293,648,2019-01-06,253
1294,649,2019-01-06,331
1295,868,2019-01-06,814
1296,811,2019-01-06,12
1297,502,2019-01-08,20
1298,800,2019-01-08,165
1299,717,2019-01-08,964
1300,506,2019-01-08,152
1301,581,2019-01-08,513
1302,521,2019-01-08,62
1303,602,2019-01-08,628
1304,555,2019-01-08,966
1305,828,2019-01-08,446
1306,609,2019-01-08,852
1307,526,2019-01-08,980
1308,543,2019-01-08,433
1309,610,2019-01-08,487
1310,866,2019-01-08,816
1311,802,2019-01-08,589
1312,523,2019-01-08,320
1313,855,2019-01-08,496
1314,632,2019-01-08,127
1315,501,2019-01-08,352
1316,532,2019-01-08,266
1317,803,2019-01-08,941
1318,825,2019-01-08,731
1319,549,2019-01-08,343
1320,675,2019-01-08,13
1321,807,2019-01-08,167
1322,682,2019-01-08,82
1323,565,2019-01-08,599
1324,771,2019-01-08,163
1325,862,2019-01-08,212
1326,514,2019-01-08,273
1327,538,2019-01-08,862
1328,813,2019-01-08,582
1329,648,2019-01-08,239
1330,649,2019-01-08,597
1331,868,2019-01-08,838
1332,811,2019-01-08,818
1333,502,2019-01-29,795
1334,800,2019-01-29,352
1335,717,2019-01-29,90
1336,506,2019-01-29,909
1337,581,2019-01-29,778
1338,521,2019-01-29,102
1339,602,2019-01-29,20
1340,555,2019-01-29,226
1341,828,2019-01-29,900
1342,609,2019-01-29,962
1343,526,2019-01-29,322
1344,543,2019-01-29,502
1345,610,2019-01-29,834
1346,866,2019-01-29,872
1347,802,2019-01-29,52
1348,523,2019-01-29,619
1349,855,2019-01-29,705
1350,632,2019-01-29,761
1351,501,2019-01-29,672
1352,532,2019-01-29,717
1353,803,2019-01-29,550
1354,825,2019-01-29,985
1355,549,2019-01-29,520
1356,675,2019-01-29,48
1357,807,2019-01-29,885
1358,682,2019-01-29,885
1359,565,2019-01-29,216
1360,771,2019-01-29,544
1361,862,2019-01-29,818
1362,514,2019-01-29,266
1363,538,2019-01-29,179
1364,813,2019-01-29,565
1365,648,2019-01-29,952
1366,649,2019-01-29,822
1367,868,2019-01-29,5
1368,811,2019-01-29,531
1369,502,2019-01-15,236
1370,800,2019-01-15,466
1371,717,2019-01-15,892
1372,506,2019-01-15,347
1373,581,2019-01-15,445
1374,521,2019-01-15,799
1375,602,2019-01-15,878
1376,555,2019-01-15,882
1377,828,2019-01-15,569
1378,609,2019-01-15,76
1379,526,2019-01-15,155
1380,543,2019-01-15,403
1381,610,2019-01-15,431
1382,866,2019-01-15,49
1383,802,2019-01-15,710
1384,523,2019-01-15,347
1385,855,2019-01-15,947
1386,632,2019-01-15,146
1387,501,2019-01-15,720
1388,532,2019-01-15,447
1389,803,2019-01-15,875
1390,825,2019-01-15,749
1391,549,2019-01-15,125
1392,675,2019-01-15,650
1393,807,2019-01-15,780
1394,682,2019-01-15,217
1395,565,2019-01-15,177
1396,771,2019-01-15,335
1397,862,2019-01-15,705
1398,514,2019-01-15,553
1399,538,2019-01-15,77
1400,813,2019-01-15,534
1401,648,2019-01-15,498
1402,649,2019-01-15,860
1403,868,2019-01-15,441
1404,811,2019-01-15,793
1405,502,2019-02-08,482
1406,800,2019-02-08,489
1407,717,2019-02-08,149
1408,506,2019-02-08,4
1409,581,2019-02-08,403
1410,521,2019-02-08,545
1411,602,2019-02-08,464
1412,555,2019-02-08,250
1413,828,2019-02-08,717
1414,609,2019-02-08,428
1415,526,2019-02-08,995
1416,543,2019-02-08,131
1417,610,2019-02-08,96
1418,866,2019-02-08,936
1419,802,2019-02-08,880
1420,523,2019-02-08,618
1421,855,2019-02-08,737
1422,632,2019-02-08,211
1423,501,2019-02-08,269
1424,532,2019-02-08,642
1425,803,2019-02-08,489
1426,825,2019-02-08,700
1427,549,2019-02-08,335
1428,675,2019-02-08,725
1429,807,2019-02-08,261
1430,682,2019-02-08,272
1431,565,2019-02-08,581
1432,771,2019-02-08,904
1433,862,2019-02-08,707
1434,514,2019-02-08,631
1435,538,2019-02-08,669
1436,813,2019-02-08,680
1437,648,2019-02-08,901
1438,649,2019-02-08,942
1439,868,2019-02-08,716
1440,811,2019-02-08,361
1441,502,2019-02-07,484
1442,800,2019-02-07,138
1443,717,2019-02-07,896
1444,506,2019-02-07,510
1445,581,2019-02-07,611
1446,521,2019-02-07,650
1447,602,2019-02-07,300
1448,555,2019-02-07,450
1449,828,2019-02-07,532
1450,609,2019-02-07,357
1451,526,2019-02-07,510
1452,543,2019-02-07,522
1453,610,2019-02-07,311
1454,866,2019-02-07,83
1455,802,2019-02-07,255
1456,523,2019-02-07,382
1457,855,2019-02-07,265
1458,632,2019-02-07,525
1459,501,2019-02-07,69
1460,532,2019-02-07,272
1461,803,2019-02-07,471
1462,825,2019-02-07,354
1463,549,2019-02-07,399
1464,675,2019-02-07,82
1465,807,2019-02-07,883
1466,682,2019-02-07,37
1467,565,2019-02-07,853
1468,771,2019-02-07,339
1469,862,2019-02-07,454
1470,514,2019-02-07,666
1471,538,2019-02-07,193
1472,813,2019-02-07,743
1473,648,2019-02-07,224
1474,649,2019-02-07,298
1475,868,2019-02-07,124
1476,811,2019-02-07,836
1477,502,2019-01-14,957
1478,800,2019-01-14,279
1479,717,2019-01-14,137
1480,506,2019-01-14,706
1481,581,2019-01-14,892
1482,521,2019-01-14,704
1483,602,2019-01-14,942
1484,555,2019-01-14,508
1485,828,2019-01-14,460
1486,609,2019-01-14,844
1487,526,2019-01-14,444
1488,543,2019-01-14,228
1489,610,2019-01-14,837
1490,866,2019-01-14,658
1491,802,2019-01-14,258
1492,523,2019-01-14,102
1493,855,2019-01-14,211
1494,632,2019-01-14,812
1495,501,2019-01-14,589
1496,532,2019-01-14,49
1497,803,2019-01-14,396
1498,825,2019-01-14,707
1499,549,2019-01-14,243
1500,675,2019-01-14,623
1501,807,2019-01-14,921
1502,682,2019-01-14,656
1503,565,2019-01-14,28
1504,771,2019-01-14,237
1505,862,2019-01-14,81
1506,514,2019-01-14,265
1507,538,2019-01-14,329
1508,813,2019-01-14,183
1509,648,2019-01-14,49
1510,649,2019-01-14,799
1511,868,2019-01-14,911
1512,811,2019-01-14,121
1513,502,2019-02-12,351
1514,800,2019-02-12,960
1515,717,2019-02-12,554
1516,506,2019-02-12,930
1517,581,2019-02-12,329
1518,521,2019-02-12,663
1519,602,2019-02-12,677
1520,555,2019-02-12,448
1521,828,2019-02-12,80
1522,609,2019-02-12,351
1523,526,2019-02-12,590
1524,543,2019-02-12,59
1525,610,2019-02-12,963
1526,866,2019-02-12,152
1527,802,2019-02-12,654
1528,523,2019-02-12,925
1529,855,2019-02-12,887
1530,632,2019-02-12,521
1531,501,2019-02-12,664
1532,532,2019-02-12,593
1533,803,2019-02-12,442
1534,825,2019-02-12,568
1535,549,2019-02-12,856
1536,675,2019-02-12,970
1537,807,2019-02-12,215
1538,682,2019-02-12,135
1539,565,2019-02-12,231
1540,771,2019-02-12,943
1541,862,2019-02-12,131
1542,514,2019-02-12,400
1543,538,2019-02-12,713
1544,813,2019-02-12,893
1545,648,2019-02-12,373
1546,649,2019-02-12,52
1547,868,2019-02-12,327
1548,811,2019-02-12,970
1549,502,2019-02-20,413
1550,800,2019-02-20,127
1551,717,2019-02-20,119
1552,506,2019-02-20,2
1553,581,2019-02-20,722
1554,521,2019-02-20,78
1555,602,2019-02-20,519
1556,555,2019-02-20,71
1557,828,2019-02-20,107
1558,609,2019-02-20,42
1559,526,2019-02-20,677
1560,543,2019-02-20,732
1561,610,2019-02-20,339
1562,866,2019-02-20,24
1563,802,2019-02-20,333
1564,523,2019-02-20,942
1565,855,2019-02-20,485
1566,632,2019-02-20,232
1567,501,2019-02-20,375
1568,532,2019-02-20,669
1569,803,2019-02-20,3
1570,825,2019-02-20,415
1571,549,2019-02-20,627
1572,675,2019-02-20,129
1573,807,2019-02-20,4
1574,682,2019-02-20,467
1575,565,2019-02-20,336
1576,771,2019-02-20,193
1577,862,2019-02-20,211
1578,514,2019-02-20,462
1579,538,2019-02-20,171
1580,813,2019-02-20,813
1581,648,2019-02-20,924
1582,649,2019-02-20,319
1583,868,2019-02-20,694
1584,811,2019-02-20,740
1585,502,2019-01-19,481
1586,800,2019-01-19,251
1587,717,2019-01-19,251
1588,506,2019-01-19,144
1589,581,2019-01-19,409
1590,521,2019-01-19,981
1591,602,2019-01-19,405
1592,555,2019-01-19,729
1593,828,2019-01-19,696
1594,609,2019-01-19,959
1595,526,2019-01-19,402
1596,543,2019-01-19,797
1597,610,2019-01-19,790
1598,866,2019-01-19,730
1599,802,2019-01-19,792
1600,523,2019-01-19,168
1601,855,2019-01-19,945
1602,632,2019-01-19,122
1603,501,2019-01-19,126
1604,532,2019-01-19,882
1605,803,2019-01-19,369
1606,825,2019-01-19,853
1607,549,2019-01-19,245
1608,675,2019-01-19,840
1609,807,2019-01-19,37
1610,682,2019-01-19,705
1611,565,2019-01-19,298
1612,771,2019-01-19,615
1613,862,2019-01-19,210
1614,514,2019-01-19,39
1615,538,2019-01-19,663
1616,813,2019-01-19,676
1617,648,2019-01-19,627
1618,649,2019-01-19,311
1619,868,2019-01-19,394
1620,811,2019-01-19,164
1621,502,2019-02-03,578
1622,800,2019-02-03,631
1623,717,2019-02-03,687
1624,506,2019-02-03,502
1625,581,2019-02-03,469
1626,521,2019-02-03,71
1627,602,2019-02-03,47
1628,555,2019-02-03,1
1629,828,2019-02-03,376
1630,609,2019-02-03,749
1631,526,2019-02-03,890
1632,543,2019-02-03,948
1633,610,2019-02-03,309
1634,866,2019-02-03,816
1635,802,2019-02-03,56
1636,523,2019-02-03,129
1637,855,2019-02-03,154
1638,632,2019-02-03,828
1639,501,2019-02-03,496
1640,532,2019-02-03,967
1641,803,2019-02-03,97
1642,825,2019-02-03,186
1643,549,2019-02-03,960
1644,675,2019-02-03,423
1645,807,2019-02-03,539
1646,682,2019-02-03,264
1647,565,2019-02-03,108
1648,771,2019-02-03,335
1649,862,2019-02-03,464
1650,514,2019-02-03,175
1651,538,2019-02-03,600
1652,813,2019-02-03,246
1653,648,2019-02-03,46
1654,649,2019-02-03,773
1655,868,2019-02-03,564
1656,811,2019-02-03,957
1657,502,2019-01-02,302
1658,800,2019-01-02,24
1659,717,2019-01-02,404
1660,506,2019-01-02,156
1661,581,2019-01-02,200
1662,521,2019-01-02,968
1663,602,2019-01-02,626
1664,555,2019-01-02,781
1665,828,2019-01-02,754
1666,609,2019-01-02,41
1667,526,2019-01-02,896
1668,543,2019-01-02,408
1669,610,2019-01-02,603
1670,866,2019-01-02,677
1671,802,2019-01-02,159
1672,523,2019-01-02,481
1673,855,2019-01-02,209
1674,632,2019-01-02,285
1675,501,2019-01-02,293
1676,532,2019-01-02,33
1677,803,2019-01-02,872
1678,825,2019-01-02,408
1679,549,2019-01-02,308
1680,675,2019-01-02,683
1681,807,2019-01-02,225
1682,682,2019-01-02,634
1683,565,2019-01-02,373
1684,771,2019-01-02,730
1685,862,2019-01-02,886
1686,514,2019-01-02,159
1687,538,2019-01-02,199
1688,813,2019-01-02,585
1689,648,2019-01-02,901
1690,649,2019-01-02,466
1691,868,2019-01-02,819
1692,811,2019-01-02,283
1693,502,2019-02-25,283
1694,800,2019-02-25,808
1695,717,2019-02-25,714
1696,506,2019-02-25,891
1697,581,2019-02-25,641
1698,521,2019-02-25,837
1699,602,2019-02-25,412
1700,555,2019-02-25,857
1701,828,2019-02-25,260
1702,609,2019-02-25,687
1703,526,2019-02-25,74
1704,543,2019-02-25,773
1705,610,2019-02-25,829
1706,866,2019-02-25,178
1707,802,2019-02-25,166
1708,523,2019-02-25,888
1709,855,2019-02-25,38
1710,632,2019-02-25,229
1711,501,2019-02-25,823
1712,532,2019-02-25,376
1713,803,2019-02-25,645
1714,825,2019-02-25,875
1715,549,2019-02-25,62
1716,675,2019-02-25,162
1717,807,2019-02-25,221
1718,682,2019-02-25,381
1719,565,2019-02-25,181
1720,771,2019-02-25,449
1721,862,2019-02-25,226
1722,514,2019-02-25,998
1723,538,2019-02-25,740
1724,813,2019-02-25,627
1725,648,2019-02-25,554
1726,649,2019-02-25,990
1727,868,2019-02-25,904
1728,811,2019-02-25,72
1729,502,2019-02-23,579
1730,800,2019-02-23,784
1731,717,2019-02-23,371
1732,506,2019-02-23,379
1733,581,2019-02-23,374
1734,521,2019-02-23,973
1735,602,2019-02-23,818
1736,555,2019-02-23,49
1737,828,2019-02-23,776
1738,609,2019-02-23,68
1739,526,2019-02-23,559
1740,543,2019-02-23,193
1741,610,2019-02-23,362
1742,866,2019-02-23,802
1743,802,2019-02-23,170
1744,523,2019-02-23,317
1745,855,2019-02-23,852
1746,632,2019-02-23,200
1747,501,2019-02-23,326
1748,532,2019-02-23,569
1749,803,2019-02-23,501
1750,825,2019-02-23,418
1751,549,2019-02-23,802
1752,675,2019-02-23,862
1753,807,2019-02-23,144
1754,682,2019-02-23,732
1755,565,2019-02-23,59
1756,771,2019-02-23,587
1757,862,2019-02-23,60
1758,514,2019-02-23,207
1759,538,2019-02-23,73
1760,813,2019-02-23,386
1761,648,2019-02-23,602
1762,649,2019-02-23,108
1763,868,2019-02-23,335
1764,811,2019-02-23,80
1765,502,2019-02-21,319
1766,800,2019-02-21,856
1767,717,2019-02-21,910
1768,506,2019-02-21,93
1769,581,2019-02-21,826
1770,521,2019-02-21,590
1771,602,2019-02-21,354
1772,555,2019-02-21,221
1773,828,2019-02-21,716
1774,609,2019-02-21,115
1775,526,2019-02-21,777
1776,543,2019-02-21,325
1777,610,2019-02-21,531
1778,866,2019-02-21,727
1779,802,2019-02-21,334
1780,523,2019-02-21,828
1781,855,2019-02-21,441
1782,632,2019-02-21,153
1783,501,2019-02-21,925
1784,532,2019-02-21,143
1785,803,2019-02-21,64
1786,825,2019-02-21,462
1787,549,2019-02-21,108
1788,675,2019-02-21,316
1789,807,2019-02-21,481
1790,682,2019-02-21,917
1791,565,2019-02-21,815
1792,771,2019-02-21,218
1793,862,2019-02-21,532
1794,514,2019-02-21,727
1795,538,2019-02-21,863
1796,813,2019-02-21,252
1797,648,2019-02-21,614
1798,649,2019-02-21,558
1799,868,2019-02-21,441
1800,811,2019-02-21,132
1801,502,2019-02-01,743
1802,800,2019-02-01,669
1803,717,2019-02-01,408
1804,506,2019-02-01,285
1805,581,2019-02-01,233
1806,521,2019-02-01,156
1807,602,2019-02-01,886
1808,555,2019-02-01,790
1809,828,2019-02-01,849
1810,609,2019-02-01,328
1811,526,2019-02-01,967
1812,543,2019-02-01,22
1813,610,2019-02-01,289
1814,866,2019-02-01,993
1815,802,2019-02-01,774
1816,523,2019-02-01,246
1817,855,2019-02-01,591
1818,632,2019-02-01,921
1819,501,2019-02-01,923
1820,532,2019-02-01,280
1821,803,2019-02-01,750
1822,825,2019-02-01,524
1823,549,2019-02-01,492
1824,675,2019-02-01,632
1825,807,2019-02-01,652
1826,682,2019-02-01,745
1827,565,2019-02-01,438
1828,771,2019-02-01,465
1829,862,2019-02-01,136
1830,514,2019-02-01,165
1831,538,2019-02-01,909
1832,813,2019-02-01,531
1833,648,2019-02-01,153
1834,649,2019-02-01,141
1835,868,2019-02-01,589
1836,811,2019-02-01,970
1837,502,2019-01-05,679
1838,800,2019-01-05,537
1839,717,2019-01-05,634
1840,506,2019-01-05,506
1841,581,2019-01-05,576
1842,521,2019-01-05,421
1843,602,2019-01-05,814
1844,555,2019-01-05,918
1845,828,2019-01-05,902
1846,609,2019-01-05,836
1847,526,2019-01-05,119
1848,543,2019-01-05,315
1849,610,2019-01-05,411
1850,866,2019-01-05,770
1851,802,2019-01-05,851
1852,523,2019-01-05,133
1853,855,2019-01-05,342
1854,632,2019-01-05,155
1855,501,2019-01-05,200
1856,532,2019-01-05,567
1857,803,2019-01-05,363
1858,825,2019-01-05,81
1859,549,2019-01-05,466
1860,675,2019-01-05,56
1861,807,2019-01-05,853
1862,682,2019-01-05,863
1863,565,2019-01-05,48
1864,771,2019-01-05,502
1865,862,2019-01-05,483
1866,514,2019-01-05,3
1867,538,2019-01-05,49
1868,813,2019-01-05,159
1869,648,2019-01-05,279
1870,649,2019-01-05,765
1871,868,2019-01-05,627
1872,811,2019-01-05,943
1873,502,2019-02-16,364
1874,800,2019-02-16,804
1875,717,2019-02-16,356
1876,506,2019-02-16,837
1877,581,2019-02-16,781
1878,521,2019-02-16,537
1879,602,2019-02-16,111
1880,555,2019-02-16,644
1881,828,2019-02-16,929
1882,609,2019-02-16,180
1883,526,2019-02-16,22
1884,543,2019-02-16,249
1885,610,2019-02-16,721
1886,866,2019-02-16,870
1887,802,2019-02-16,440
1888,523,2019-02-16,16
1889,855,2019-02-16,231
1890,632,2019-02-16,453
1891,501,2019-02-16,742
1892,532,2019-02-16,459
1893,803,2019-02-16,634
1894,825,2019-02-16,416
1895,549,2019-02-16,700
1896,675,2019-02-16,287
1897,807,2019-02-16,695
1898,682,2019-02-16,326
1899,565,2019-02-16,641
1900,771,2019-02-16,581
1901,862,2019-02-16,641
1902,514,2019-02-16,735
1903,538,2019-02-16,379
1904,813,2019-02-16,522
1905,648,2019-02-16,632
1906,649,2019-02-16,555
1907,868,2019-02-16,290
1908,811,2019-02-16,86
1909,502,2019-01-25,699
1910,800,2019-01-25,619
1911,717,2019-01-25,710
1912,506,2019-01-25,867
1913,581,2019-01-25,567
1914,521,2019-01-25,406
1915,602,2019-01-25,256
1916,555,2019-01-25,84
1917,828,2019-01-25,491
1918,609,2019-01-25,46
1919,526,2019-01-25,59
1920,543,2019-01-25,527
1921,610,2019-01-25,799
1922,866,2019-01-25,4
1923,802,2019-01-25,484
1924,523,2019-01-25,247
1925,855,2019-01-25,305
1926,632,2019-01-25,679
1927,501,2019-01-25,487
1928,532,2019-01-25,500
1929,803,2019-01-25,631
1930,825,2019-01-25,708
1931,549,2019-01-25,867
1932,675,2019-01-25,186
1933,807,2019-01-25,551
1934,682,2019-01-25,832
1935,565,2019-01-25,73
1936,771,2019-01-25,774
1937,862,2019-01-25,886
1938,514,2019-01-25,458
1939,538,2019-01-25,651
1940,813,2019-01-25,364
1941,648,2019-01-25,208
1942,649,2019-01-25,873
1943,868,2019-01-25,644
1944,811,2019-01-25,427
1945,502,2019-01-18,755
1946,800,2019-01-18,6
1947,717,2019-01-18,21
1948,506,2019-01-18,761
1949,581,2019-01-18,422
1950,521,2019-01-18,66
1951,602,2019-01-18,479
1952,555,2019-01-18,608
1953,828,2019-01-18,410
1954,609,2019-01-18,824
1955,526,2019-01-18,525
1956,543,2019-01-18,153
1957,610,2019-01-18,53
1958,866,2019-01-18,822
1959,802,2019-01-18,201
1960,523,2019-01-18,910
1961,855,2019-01-18,637
1962,632,2019-01-18,479
1963,501,2019-01-18,187
1964,532,2019-01-18,441
1965,803,2019-01-18,294
1966,825,2019-01-18,135
1967,549,2019-01-18,849
1968,675,2019-01-18,768
1969,807,2019-01-18,492
1970,682,2019-01-18,49
1971,565,2019-01-18,459
1972,771,2019-01-18,37
1973,862,2019-01-18,160
1974,514,2019-01-18,115
1975,538,2019-01-18,24
1976,813,2019-01-18,63
1977,648,2019-01-18,238
1978,649,2019-01-18,72
1979,868,2019-01-18,351
1980,811,2019-01-18,553
1981,502,2019-01-31,672
1982,800,2019-01-31,808
1983,717,2019-01-31,873
1984,506,2019-01-31,411
1985,581,2019-01-31,797
1986,521,2019-01-31,420
1987,602,2019-01-31,845
1988,555,2019-01-31,999
1989,828,2019-01-31,778
1990,609,2019-01-31,659
1991,526,2019-01-31,385
1992,543,2019-01-31,972
1993,610,2019-01-31,959
1994,866,2019-01-31,8
1995,802,2019-01-31,104
1996,523,2019-01-31,139
1997,855,2019-01-31,298
1998,632,2019-01-31,63
1999,501,2019-01-31,269
2000,532,2019-01-31,754
2001,803,2019-01-31,261
2002,825,2019-01-31,922
2003,549,2019-01-31,948
2004,675,2019-01-31,100
2005,807,2019-01-31,762
2006,682,2019-01-31,901
2007,565,2019-01-31,509
2008,771,2019-01-31,149
2009,862,2019-01-31,674
2010,514,2019-01-31,309
2011,538,2019-01-31,306
2012,813,2019-01-31,697
2013,648,2019-01-31,619
2014,649,2019-01-31,315
2015,868,2019-01-31,666
2016,811,2019-01-31,90
2017,502,2019-02-11,837
2018,800,2019-02-11,274
2019,717,2019-02-11,861
2020,506,2019-02-11,837
2021,581,2019-02-11,904
2022,521,2019-02-11,239
2023,602,2019-02-11,189
2024,555,2019-02-11,863
2025,828,2019-02-11,101
2026,609,2019-02-11,88
2027,526,2019-02-11,227
2028,543,2019-02-11,664
2029,610,2019-02-11,275
2030,866,2019-02-11,441
2031,802,2019-02-11,215
2032,523,2019-02-11,818
2033,855,2019-02-11,821
2034,632,2019-02-11,847
2035,501,2019-02-11,580
2036,532,2019-02-11,294
2037,803,2019-02-11,656
2038,825,2019-02-11,111
2039,549,2019-02-11,81
2040,675,2019-02-11,234
2041,807,2019-02-11,189
2042,682,2019-02-11,57
2043,565,2019-02-11,902
2044,771,2019-02-11,839
2045,862,2019-02-11,325
2046,514,2019-02-11,871
2047,538,2019-02-11,429
2048,813,2019-02-11,748
2049,648,2019-02-11,838
2050,649,2019-02-11,665
2051,868,2019-02-11,111
2052,811,2019-02-11,351
2053,502,2019-02-26,62
2054,800,2019-02-26,247
2055,717,2019-02-26,121
2056,506,2019-02-26,731
2057,581,2019-02-26,730
2058,521,2019-02-26,38
2059,602,2019-02-26,555
2060,555,2019-02-26,912
2061,828,2019-02-26,643
2062,609,2019-02-26,319
2063,526,2019-02-26,54
2064,543,2019-02-26,481
2065,610,2019-02-26,289
2066,866,2019-02-26,786
2067,802,2019-02-26,699
2068,523,2019-02-26,718
2069,855,2019-02-26,423
2070,632,2019-02-26,41
2071,501,2019-02-26,743
2072,532,2019-02-26,581
2073,803,2019-02-26,799
2074,825,2019-02-26,42
2075,549,2019-02-26,375
2076,675,2019-02-26,133
2077,807,2019-02-26,767
2078,682,2019-02-26,779
2079,565,2019-02-26,948
2080,771,2019-02-26,474
2081,862,2019-02-26,687
2082,514,2019-02-26,38
2083,538,2019-02-26,553
2084,813,2019-02-26,21
2085,648,2019-02-26,507
2086,649,2019-02-26,807
2087,868,2019-02-26,864
2088,811,2019-02-26,167
