1,502,2019-01-27,52999
2,800,2019-01-27,8928
3,717,2019-01-27,71365
4,506,2019-01-27,26138
5,581,2019-01-27,49761
6,521,2019-01-27,4819
7,602,2019-01-27,28304
8,555,2019-01-27,22701
9,828,2019-01-27,12667
10,609,2019-01-27,14710
11,526,2019-01-27,34341
12,543,2019-01-27,41772
13,610,2019-01-27,24693
14,866,2019-01-27,54449
15,802,2019-01-27,53522
16,523,2019-01-27,42558
17,855,2019-01-27,39589
18,632,2019-01-27,66780
19,501,2019-01-27,37224
20,532,2019-01-27,38218
21,803,2019-01-27,92520
22,825,2019-01-27,80427
23,549,2019-01-27,37892
24,675,2019-01-27,16185
25,807,2019-01-27,70078
26,682,2019-01-27,9149
27,565,2019-01-27,27928
28,771,2019-01-27,28795
29,862,2019-01-27,59318
30,514,2019-01-27,33759
31,538,2019-01-27,54510
32,813,2019-01-27,28231
33,648,2019-01-27,67469
34,649,2019-01-27,41780
35,868,2019-01-27,64802
36,811,2019-01-27,3014
37,502,2019-01-12,6066
38,800,2019-01-12,49737
39,717,2019-01-12,4993
40,506,2019-01-12,36671
41,581,2019-01-12,9882
42,521,2019-01-12,59361
43,602,2019-01-12,39723
44,555,2019-01-12,67569
45,828,2019-01-12,59679
46,609,2019-01-12,61819
47,526,2019-01-12,55500
48,543,2019-01-12,34395
49,610,2019-01-12,17397
50,866,2019-01-12,83483
51,802,2019-01-12,14412
52,523,2019-01-12,32234
53,855,2019-01-12,92743
54,632,2019-01-12,41822
55,501,2019-01-12,50537
56,532,2019-01-12,93074
57,803,2019-01-12,65990
58,825,2019-01-12,75038
59,549,2019-01-12,31535
60,675,2019-01-12,29267
61,807,2019-01-12,18707
62,682,2019-01-12,22194
63,565,2019-01-12,25372
64,771,2019-01-12,84169
65,862,2019-01-12,75206
66,514,2019-01-12,75427
67,538,2019-01-12,35543
68,813,2019-01-12,23682
69,648,2019-01-12,86253
70,649,2019-01-12,48258
71,868,2019-01-12,10645
72,811,2019-01-12,72381
73,502,2019-01-07,97052
74,800,2019-01-07,41748
75,717,2019-01-07,43576
76,506,2019-01-07,89221
77,581,2019-01-07,91248
78,521,2019-01-07,86542
79,602,2019-01-07,85894
80,555,2019-01-07,85678
81,828,2019-01-07,22581
82,609,2019-01-07,3152
83,526,2019-01-07,96643
84,543,2019-01-07,38312
85,610,2019-01-07,10687
86,866,2019-01-07,37629
87,802,2019-01-07,4361
88,523,2019-01-07,69082
89,855,2019-01-07,98466
90,632,2019-01-07,16927
91,501,2019-01-07,87160
92,532,2019-01-07,55459
93,803,2019-01-07,80239
94,825,2019-01-07,21945
95,549,2019-01-07,62762
96,675,2019-01-07,95617
97,807,2019-01-07,43364
98,682,2019-01-07,12383
99,565,2019-01-07,63891
100,771,2019-01-07,13936
101,862,2019-01-07,98095
102,514,2019-01-07,45274
103,538,2019-01-07,53471
104,813,2019-01-07,73513
105,648,2019-01-07,90023
106,649,2019-01-07,64933
107,868,2019-01-07,11413
108,811,2019-01-07,81288
109,502,2019-01-13,81645
110,800,2019-01-13,85466
111,717,2019-01-13,37055
112,506,2019-01-13,36790
113,581,2019-01-13,75475
114,521,2019-01-13,20657
115,602,2019-01-13,42123
116,555,2019-01-13,93547
117,828,2019-01-13,23816
118,609,2019-01-13,69236
119,526,2019-01-13,33779
120,543,2019-01-13,28177
121,610,2019-01-13,71370
122,866,2019-01-13,64279
123,802,2019-01-13,71883
124,523,2019-01-13,3991
125,855,2019-01-13,432
126,632,2019-01-13,81097
127,501,2019-01-13,93299
128,532,2019-01-13,47014
129,803,2019-01-13,44187
130,825,2019-01-13,34871
131,549,2019-01-13,43831
132,675,2019-01-13,64049
133,807,2019-01-13,23236
134,682,2019-01-13,14119
135,565,2019-01-13,70232
136,771,2019-01-13,7381
137,862,2019-01-13,49992
138,514,2019-01-13,10557
139,538,2019-01-13,80836
140,813,2019-01-13,90152
141,648,2019-01-13,42912
142,649,2019-01-13,79757
143,868,2019-01-13,72652
144,811,2019-01-13,69727
145,502,2019-01-17,50411
146,800,2019-01-17,22370
147,717,2019-01-17,7301
148,506,2019-01-17,49106
149,581,2019-01-17,77815
150,521,2019-01-17,80080
151,602,2019-01-17,30954
152,555,2019-01-17,86641
153,828,2019-01-17,93647
154,609,2019-01-17,907
155,526,2019-01-17,20394
156,543,2019-01-17,90801
157,610,2019-01-17,72046
158,866,2019-01-17,45774
159,802,2019-01-17,71673
160,523,2019-01-17,1425
161,855,2019-01-17,25186
162,632,2019-01-17,78799
163,501,2019-01-17,21206
164,532,2019-01-17,49390
165,803,2019-01-17,95089
166,825,2019-01-17,7905
167,549,2019-01-17,57845
168,675,2019-01-17,88326
169,807,2019-01-17,85055
170,682,2019-01-17,53293
171,565,2019-01-17,77940
172,771,2019-01-17,61538
173,862,2019-01-17,92290
174,514,2019-01-17,75088
175,538,2019-01-17,96891
176,813,2019-01-17,72690
177,648,2019-01-17,66875
178,649,2019-01-17,79136
179,868,2019-01-17,92845
180,811,2019-01-17,23830
181,502,2019-02-09,73308
182,800,2019-02-09,8131
183,717,2019-02-09,13121
184,506,2019-02-09,13030
185,581,2019-02-09,34665
186,521,2019-02-09,16881
187,602,2019-02-09,62800
188,555,2019-02-09,73847
189,828,2019-02-09,7866
190,609,2019-02-09,25874
191,526,2019-02-09,54532
192,543,2019-02-09,24353
193,610,2019-02-09,57108
194,866,2019-02-09,18517
195,802,2019-02-09,81630
196,523,2019-02-09,20955
197,855,2019-02-09,31011
198,632,2019-02-09,98835
199,501,2019-02-09,30871
200,532,2019-02-09,72640
201,803,2019-02-09,57550
202,825,2019-02-09,58612
203,549,2019-02-09,30130
204,675,2019-02-09,92998
205,807,2019-02-09,62436
206,682,2019-02-09,95662
207,565,2019-02-09,61579
208,771,2019-02-09,15264
209,862,2019-02-09,89835
210,514,2019-02-09,73694
211,538,2019-02-09,10594
212,813,2019-02-09,62699
213,648,2019-02-09,4805
214,649,2019-02-09,6721
215,868,2019-02-09,65832
216,811,2019-02-09,34605
217,502,2019-01-10,96176
218,800,2019-01-10,49921
219,717,2019-01-10,8017
220,506,2019-01-10,41125
221,581,2019-01-10,5517
222,521,2019-01-10,80783
223,602,2019-01-10,54739
224,555,2019-01-10,12385
225,828,2019-01-10,70483
226,609,2019-01-10,17875
227,526,2019-01-10,21506
228,543,2019-01-10,81809
229,610,2019-01-10,6276
230,866,2019-01-10,53177
231,802,2019-01-10,99886
232,523,2019-01-10,94656
233,855,2019-01-10,86679
234,632,2019-01-10,3164
235,501,2019-01-10,10826
236,532,2019-01-10,3709
237,803,2019-01-10,29830
238,825,2019-01-10,278
239,549,2019-01-10,50774
240,675,2019-01-10,65954
241,807,2019-01-10,29468
242,682,2019-01-10,40264
243,565,2019-01-10,41818
244,771,2019-01-10,76907
245,862,2019-01-10,20233
246,514,2019-01-10,46536
247,538,2019-01-10,51442
248,813,2019-01-10,94416
249,648,2019-01-10,11350
250,649,2019-01-10,9746
251,868,2019-01-10,80848
252,811,2019-01-10,45800
253,502,2019-02-04,84640
254,800,2019-02-04,84834
255,717,2019-02-04,39496
256,506,2019-02-04,10601
257,581,2019-02-04,27661
258,521,2019-02-04,25275
259,602,2019-02-04,19797
260,555,2019-02-04,14213
261,828,2019-02-04,56702
262,609,2019-02-04,86143
263,526,2019-02-04,52001
264,543,2019-02-04,63731
265,610,2019-02-04,48779
266,866,2019-02-04,71680
267,802,2019-02-04,64569
268,523,2019-02-04,65718
269,855,2019-02-04,27391
270,632,2019-02-04,12107
271,501,2019-02-04,74857
272,532,2019-02-04,61646
273,803,2019-02-04,2561
274,825,2019-02-04,90785
275,549,2019-02-04,10239
276,675,2019-02-04,88580
277,807,2019-02-04,73289
278,682,2019-02-04,40249
279,565,2019-02-04,25558
280,771,2019-02-04,80071
281,862,2019-02-04,23660
282,514,2019-02-04,63006
283,538,2019-02-04,83560
284,813,2019-02-04,50894
285,648,2019-02-04,14049
286,649,2019-02-04,48649
287,868,2019-02-04,69134
288,811,2019-02-04,84834
289,502,2019-01-04,71925
290,800,2019-01-04,65612
291,717,2019-01-04,20288
292,506,2019-01-04,55131
293,581,2019-01-04,58636
294,521,2019-01-04,96990
295,602,2019-01-04,57789
296,555,2019-01-04,45454
297,828,2019-01-04,76071
298,609,2019-01-04,29350
299,526,2019-01-04,22828
300,543,2019-01-04,25202
301,610,2019-01-04,99698
302,866,2019-01-04,87977
303,802,2019-01-04,80525
304,523,2019-01-04,30911
305,855,2019-01-04,15415
306,632,2019-01-04,59826
307,501,2019-01-04,12047
308,532,2019-01-04,97518
309,803,2019-01-04,98258
310,825,2019-01-04,35493
311,549,2019-01-04,73540
312,675,2019-01-04,94579
313,807,2019-01-04,48129
314,682,2019-01-04,3062
315,565,2019-01-04,77724
316,771,2019-01-04,26631
317,862,2019-01-04,56010
318,514,2019-01-04,6002
319,538,2019-01-04,44765
320,813,2019-01-04,86583
321,648,2019-01-04,59545
322,649,2019-01-04,99436
323,868,2019-01-04,92296
324,811,2019-01-04,58241
325,502,2019-01-30,84246
326,800,2019-01-30,60373
327,717,2019-01-30,72344
328,506,2019-01-30,3196
329,581,2019-01-30,11686
330,521,2019-01-30,42338
331,602,2019-01-30,95937
332,555,2019-01-30,81255
333,828,2019-01-30,41462
334,609,2019-01-30,94541
335,526,2019-01-30,30912
336,543,2019-01-30,87862
337,610,2019-01-30,650
338,866,2019-01-30,61324
339,802,2019-01-30,5462
340,523,2019-01-30,86920
341,855,2019-01-30,93523
342,632,2019-01-30,7053
343,501,2019-01-30,18412
344,532,2019-01-30,90897
345,803,2019-01-30,78874
346,825,2019-01-30,96318
347,549,2019-01-30,83461
348,675,2019-01-30,15583
349,807,2019-01-30,42671
350,682,2019-01-30,61265
351,565,2019-01-30,60950
352,771,2019-01-30,43895
353,862,2019-01-30,17666
354,514,2019-01-30,60802
355,538,2019-01-30,24095
356,813,2019-01-30,91458
357,648,2019-01-30,25281
358,649,2019-01-30,40620
359,868,2019-01-30,53099
360,811,2019-01-30,46203
361,502,2019-01-24,35914
362,800,2019-01-24,97441
363,717,2019-01-24,8832
364,506,2019-01-24,41290
365,581,2019-01-24,67052
366,521,2019-01-24,76469
367,602,2019-01-24,5054
368,555,2019-01-24,25280
369,828,2019-01-24,58960
370,609,2019-01-24,40234
371,526,2019-01-24,39297
372,543,2019-01-24,74200
373,610,2019-01-24,54638
374,866,2019-01-24,58435
375,802,2019-01-24,71953
376,523,2019-01-24,19057
377,855,2019-01-24,41712
378,632,2019-01-24,51380
379,501,2019-01-24,49977
380,532,2019-01-24,83421
381,803,2019-01-24,990
382,825,2019-01-24,79638
383,549,2019-01-24,99300
384,675,2019-01-24,42232
385,807,2019-01-24,55625
386,682,2019-01-24,78051
387,565,2019-01-24,73047
388,771,2019-01-24,94888
389,862,2019-01-24,62423
390,514,2019-01-24,4120
391,538,2019-01-24,22511
392,813,2019-01-24,76217
393,648,2019-01-24,74857
394,649,2019-01-24,55702
395,868,2019-01-24,37666
396,811,2019-01-24,42183
397,502,2019-01-23,86062
398,800,2019-01-23,68097
399,717,2019-01-23,21845
400,506,2019-01-23,8358
401,581,2019-01-23,311
402,521,2019-01-23,72915
403,602,2019-01-23,30017
404,555,2019-01-23,12826
405,828,2019-01-23,89240
406,609,2019-01-23,54254
407,526,2019-01-23,49845
408,543,2019-01-23,33205
409,610,2019-01-23,13597
410,866,2019-01-23,78972
411,802,2019-01-23,20868
412,523,2019-01-23,61433
413,855,2019-01-23,30339
414,632,2019-01-23,27034
415,501,2019-01-23,28814
416,532,2019-01-23,91418
417,803,2019-01-23,93685
418,825,2019-01-23,84579
419,549,2019-01-23,24544
420,675,2019-01-23,8103
421,807,2019-01-23,31121
422,682,2019-01-23,85565
423,565,2019-01-23,56207
424,771,2019-01-23,42743
425,862,2019-01-23,26186
426,514,2019-01-23,43188
427,538,2019-01-23,6422
428,813,2019-01-23,41360
429,648,2019-01-23,35172
430,649,2019-01-23,78917
431,868,2019-01-23,31808
432,811,2019-01-23,84103
433,502,2019-02-14,20038
434,800,2019-02-14,8237
435,717,2019-02-14,65676
436,506,2019-02-14,12276
437,581,2019-02-14,17581
438,521,2019-02-14,12329
439,602,2019-02-14,48788
440,555,2019-02-14,4596
441,828,2019-02-14,7520
442,609,2019-02-14,9129
443,526,2019-02-14,71734
444,543,2019-02-14,14035
445,610,2019-02-14,17758
446,866,2019-02-14,80847
447,802,2019-02-14,88417
448,523,2019-02-14,21325
449,855,2019-02-14,68511
450,632,2019-02-14,2683
451,501,2019-02-14,58091
452,532,2019-02-14,68906
453,803,2019-02-14,76428
454,825,2019-02-14,85000
455,549,2019-02-14,1415
456,675,2019-02-14,18773
457,807,2019-02-14,64797
458,682,2019-02-14,13764
459,565,2019-02-14,84191
460,771,2019-02-14,44032
461,862,2019-02-14,49372
462,514,2019-02-14,11886
463,538,2019-02-14,93571
464,813,2019-02-14,88059
465,648,2019-02-14,90750
466,649,2019-02-14,2222
467,868,2019-02-14,56501
468,811,2019-02-14,1018
469,502,2019-02-15,97903
470,800,2019-02-15,1040
471,717,2019-02-15,94710
472,506,2019-02-15,33803
473,581,2019-02-15,64875
474,521,2019-02-15,23467
475,602,2019-02-15,33499
476,555,2019-02-15,14709
477,828,2019-02-15,47253
478,609,2019-02-15,64477
479,526,2019-02-15,68775
480,543,2019-02-15,92233
481,610,2019-02-15,73767
482,866,2019-02-15,44132
483,802,2019-02-15,72403
484,523,2019-02-15,293
485,855,2019-02-15,84904
486,632,2019-02-15,39846
487,501,2019-02-15,66398
488,532,2019-02-15,25929
489,803,2019-02-15,3901
490,825,2019-02-15,35198
491,549,2019-02-15,80736
492,675,2019-02-15,3121
493,807,2019-02-15,35777
494,682,2019-02-15,79563
495,565,2019-02-15,55434
496,771,2019-02-15,4607
497,862,2019-02-15,69694
498,514,2019-02-15,39049
499,538,2019-02-15,34033
500,813,2019-02-15,53452
501,648,2019-02-15,12453
502,649,2019-02-15,52843
503,868,2019-02-15,25002
504,811,2019-02-15,83043
505,502,2019-01-11,52244
506,800,2019-01-11,68938
507,717,2019-01-11,42452
508,506,2019-01-11,75396
509,581,2019-01-11,49264
510,521,2019-01-11,17864
511,602,2019-01-11,66671
512,555,2019-01-11,45442
513,828,2019-01-11,16325
514,609,2019-01-11,12387
515,526,2019-01-11,57949
516,543,2019-01-11,192
517,610,2019-01-11,96968
518,866,2019-01-11,89031
519,802,2019-01-11,85892
520,523,2019-01-11,94769
521,855,2019-01-11,7143
522,632,2019-01-11,81461
523,501,2019-01-11,89903
524,532,2019-01-11,11862
525,803,2019-01-11,96644
526,825,2019-01-11,91490
527,549,2019-01-11,43522
528,675,2019-01-11,28965
529,807,2019-01-11,11674
530,682,2019-01-11,93398
531,565,2019-01-11,83321
532,771,2019-01-11,32349
533,862,2019-01-11,41026
534,514,2019-01-11,93277
535,538,2019-01-11,76025
536,813,2019-01-11,36802
537,648,2019-01-11,17500
538,649,2019-01-11,72266
539,868,2019-01-11,38633
540,811,2019-01-11,90229
541,502,2019-02-19,86875
542,800,2019-02-19,84215
543,717,2019-02-19,74317
544,506,2019-02-19,93652
545,581,2019-02-19,23626
546,521,2019-02-19,20103
547,602,2019-02-19,35176
548,555,2019-02-19,16881
549,828,2019-02-19,45735
550,609,2019-02-19,69085
551,526,2019-02-19,33226
552,543,2019-02-19,19149
553,610,2019-02-19,62685
554,866,2019-02-19,75718
555,802,2019-02-19,16866
556,523,2019-02-19,151
557,855,2019-02-19,49868
558,632,2019-02-19,44771
559,501,2019-02-19,65889
560,532,2019-02-19,92882
561,803,2019-02-19,83661
562,825,2019-02-19,2519
563,549,2019-02-19,9470
564,675,2019-02-19,39359
565,807,2019-02-19,34593
566,682,2019-02-19,86743
567,565,2019-02-19,49175
568,771,2019-02-19,42054
569,862,2019-02-19,20892
570,514,2019-02-19,9886
571,538,2019-02-19,92443
572,813,2019-02-19,40751
573,648,2019-02-19,3156
574,649,2019-02-19,7947
575,868,2019-02-19,6217
576,811,2019-02-19,16083
577,502,2019-02-27,32743
578,800,2019-02-27,32601
579,717,2019-02-27,52026
580,506,2019-02-27,67837
581,581,2019-02-27,10687
582,521,2019-02-27,61771
583,602,2019-02-27,20666
584,555,2019-02-27,32022
585,828,2019-02-27,80825
586,609,2019-02-27,3379
587,526,2019-02-27,28006
588,543,2019-02-27,31030
589,610,2019-02-27,49159
590,866,2019-02-27,23667
591,802,2019-02-27,52020
592,523,2019-02-27,8936
593,855,2019-02-27,28725
594,632,2019-02-27,540
595,501,2019-02-27,51671
596,532,2019-02-27,77345
597,803,2019-02-27,8433
598,825,2019-02-27,92962
599,549,2019-02-27,43612
600,675,2019-02-27,37587
601,807,2019-02-27,14006
602,682,2019-02-27,14969
603,565,2019-02-27,44391
604,771,2019-02-27,48874
605,862,2019-02-27,22279
606,514,2019-02-27,88137
607,538,2019-02-27,11669
608,813,2019-02-27,29788
609,648,2019-02-27,66816
610,649,2019-02-27,38251
611,868,2019-02-27,99186
612,811,2019-02-27,5975
613,502,2019-02-06,49739
614,800,2019-02-06,56647
615,717,2019-02-06,99016
616,506,2019-02-06,43638
617,581,2019-02-06,63083
618,521,2019-02-06,79049
619,602,2019-02-06,70930
620,555,2019-02-06,58392
621,828,2019-02-06,15820
622,609,2019-02-06,24052
623,526,2019-02-06,66094
624,543,2019-02-06,51708
625,610,2019-02-06,52052
626,866,2019-02-06,23321
627,802,2019-02-06,51276
628,523,2019-02-06,25022
629,855,2019-02-06,77341
630,632,2019-02-06,63854
631,501,2019-02-06,62307
632,532,2019-02-06,22793
633,803,2019-02-06,67431
634,825,2019-02-06,11727
635,549,2019-02-06,61341
636,675,2019-02-06,54400
637,807,2019-02-06,497
638,682,2019-02-06,37405
639,565,2019-02-06,53623
640,771,2019-02-06,15249
641,862,2019-02-06,21953
642,514,2019-02-06,55547
643,538,2019-02-06,28341
644,813,2019-02-06,91356
645,648,2019-02-06,47375
646,649,2019-02-06,80753
647,868,2019-02-06,39322
648,811,2019-02-06,90965
649,502,2019-02-05,68900
650,800,2019-02-05,63062
651,717,2019-02-05,15332
652,506,2019-02-05,86251
653,581,2019-02-05,41394
654,521,2019-02-05,57037
655,602,2019-02-05,17512
656,555,2019-02-05,73902
657,828,2019-02-05,54570
658,609,2019-02-05,44452
659,526,2019-02-05,59901
660,543,2019-02-05,76686
661,610,2019-02-05,85270
662,866,2019-02-05,39033
663,802,2019-02-05,53719
664,523,2019-02-05,53324
665,855,2019-02-05,64954
666,632,2019-02-05,424
667,501,2019-02-05,54277
668,532,2019-02-05,27982
669,803,2019-02-05,10689
670,825,2019-02-05,64341
671,549,2019-02-05,65958
672,675,2019-02-05,97936
673,807,2019-02-05,46200
674,682,2019-02-05,52309
675,565,2019-02-05,28034
676,771,2019-02-05,27910
677,862,2019-02-05,41246
678,514,2019-02-05,36108
679,538,2019-02-05,88473
680,813,2019-02-05,79338
681,648,2019-02-05,39109
682,649,2019-02-05,75788
683,868,2019-02-05,89965
684,811,2019-02-05,48360
685,502,2019-01-03,48033
686,800,2019-01-03,26059
687,717,2019-01-03,19119
688,506,2019-01-03,16288
689,581,2019-01-03,19549
690,521,2019-01-03,74546
691,602,2019-01-03,47379
692,555,2019-01-03,54502
693,828,2019-01-03,29421
694,609,2019-01-03,67243
695,526,2019-01-03,59259
696,543,2019-01-03,82477
697,610,2019-01-03,62735
698,866,2019-01-03,36897
699,802,2019-01-03,89276
700,523,2019-01-03,5252
701,855,2019-01-03,80554
702,632,2019-01-03,6650
703,501,2019-01-03,71624
704,532,2019-01-03,33455
705,803,2019-01-03,31999
706,825,2019-01-03,3573
707,549,2019-01-03,42253
708,675,2019-01-03,91168
709,807,2019-01-03,50213
710,682,2019-01-03,99563
711,565,2019-01-03,32129
712,771,2019-01-03,59153
713,862,2019-01-03,56086
714,514,2019-01-03,92536
715,538,2019-01-03,22761
716,813,2019-01-03,64871
717,648,2019-01-03,52917
718,649,2019-01-03,92370
719,868,2019-01-03,31349
720,811,2019-01-03,81762
721,502,2019-02-24,53622
722,800,2019-02-24,21386
723,717,2019-02-24,99070
724,506,2019-02-24,70718
725,581,2019-02-24,18176
726,521,2019-02-24,36867
727,602,2019-02-24,97812
728,555,2019-02-24,25807
729,828,2019-02-24,55358
730,609,2019-02-24,80440
731,526,2019-02-24,42284
732,543,2019-02-24,71337
733,610,2019-02-24,17432
734,866,2019-02-24,84880
735,802,2019-02-24,9536
736,523,2019-02-24,93183
737,855,2019-02-24,10528
738,632,2019-02-24,14238
739,501,2019-02-24,88844
740,532,2019-02-24,14065
741,803,2019-02-24,53254
742,825,2019-02-24,14223
743,549,2019-02-24,35388
744,675,2019-02-24,24717
745,807,2019-02-24,68561
746,682,2019-02-24,35686
747,565,2019-02-24,7029
748,771,2019-02-24,36191
749,862,2019-02-24,9193
750,514,2019-02-24,91688
751,538,2019-02-24,81619
752,813,2019-02-24,87153
753,648,2019-02-24,64068
754,649,2019-02-24,93503
755,868,2019-02-24,86789
756,811,2019-02-24,66183
757,502,2019-02-18,46991
758,800,2019-02-18,52928
759,717,2019-02-18,97823
760,506,2019-02-18,411
761,581,2019-02-18,88496
762,521,2019-02-18,73825
763,602,2019-02-18,2091
764,555,2019-02-18,20498
765,828,2019-02-18,41794
766,609,2019-02-18,89365
767,526,2019-02-18,41892
768,543,2019-02-18,52102
769,610,2019-02-18,10610
770,866,2019-02-18,40776
771,802,2019-02-18,52328
772,523,2019-02-18,30976
773,855,2019-02-18,66182
774,632,2019-02-18,37165
775,501,2019-02-18,13322
776,532,2019-02-18,26846
777,803,2019-02-18,93488
778,825,2019-02-18,54819
779,549,2019-02-18,45243
780,675,2019-02-18,55513
781,807,2019-02-18,54510
782,682,2019-02-18,16115
783,565,2019-02-18,86435
784,771,2019-02-18,38542
785,862,2019-02-18,37075
786,514,2019-02-18,38518
787,538,2019-02-18,7065
788,813,2019-02-18,51774
789,648,2019-02-18,55703
790,649,2019-02-18,3619
791,868,2019-02-18,55539
792,811,2019-02-18,9822
793,502,2019-01-20,98263
794,800,2019-01-20,4736
795,717,2019-01-20,12051
796,506,2019-01-20,65445
797,581,2019-01-20,6344
798,521,2019-01-20,67358
799,602,2019-01-20,74214
800,555,2019-01-20,16126
801,828,2019-01-20,38465
802,609,2019-01-20,12505
803,526,2019-01-20,80143
804,543,2019-01-20,16521
805,610,2019-01-20,98701
806,866,2019-01-20,65529
807,802,2019-01-20,9551
808,523,2019-01-20,13351
809,855,2019-01-20,76185
810,632,2019-01-20,97571
811,501,2019-01-20,2500
812,532,2019-01-20,79617
813,803,2019-01-20,90023
814,825,2019-01-20,33128
815,549,2019-01-20,9233
816,675,2019-01-20,44128
817,807,2019-01-20,81110
818,682,2019-01-20,49670
819,565,2019-01-20,28356
820,771,2019-01-20,22392
821,862,2019-01-20,34771
822,514,2019-01-20,8968
823,538,2019-01-20,8660
824,813,2019-01-20,64225
825,648,2019-01-20,77794
826,649,2019-01-20,26882
827,868,2019-01-20,55666
828,811,2019-01-20,92347
829,502,2019-01-26,95064
830,800,2019-01-26,38661
831,717,2019-01-26,24100
832,506,2019-01-26,64624
833,581,2019-01-26,11592
834,521,2019-01-26,12513
835,602,2019-01-26,94218
836,555,2019-01-26,62720
837,828,2019-01-26,37321
838,609,2019-01-26,89521
839,526,2019-01-26,73134
840,543,2019-01-26,32070
841,610,2019-01-26,89908
842,866,2019-01-26,45714
843,802,2019-01-26,51925
844,523,2019-01-26,26826
845,855,2019-01-26,4162
846,632,2019-01-26,58269
847,501,2019-01-26,56485
848,532,2019-01-26,81391
849,803,2019-01-26,84952
850,825,2019-01-26,22561
851,549,2019-01-26,69370
852,675,2019-01-26,3236
853,807,2019-01-26,95001
854,682,2019-01-26,55957
855,565,2019-01-26,22066
856,771,2019-01-26,23495
857,862,2019-01-26,51123
858,514,2019-01-26,43654
859,538,2019-01-26,98315
860,813,2019-01-26,98255
861,648,2019-01-26,73175
862,649,2019-01-26,14068
863,868,2019-01-26,38019
864,811,2019-01-26,98602
865,502,2019-02-13,38639
866,800,2019-02-13,17583
867,717,2019-02-13,92610
868,506,2019-02-13,20835
869,581,2019-02-13,54986
870,521,2019-02-13,79813
871,602,2019-02-13,10130
872,555,2019-02-13,68220
873,828,2019-02-13,40809
874,609,2019-02-13,48990
875,526,2019-02-13,31807
876,543,2019-02-13,75822
877,610,2019-02-13,43374
878,866,2019-02-13,89244
879,802,2019-02-13,20263
880,523,2019-02-13,84307
881,855,2019-02-13,47337
882,632,2019-02-13,80332
883,501,2019-02-13,19474
884,532,2019-02-13,40642
885,803,2019-02-13,33443
886,825,2019-02-13,62915
887,549,2019-02-13,26739
888,675,2019-02-13,43614
889,807,2019-02-13,93008
890,682,2019-02-13,64382
891,565,2019-02-13,58411
892,771,2019-02-13,73593
893,862,2019-02-13,53467
894,514,2019-02-13,67792
895,538,2019-02-13,20447
896,813,2019-02-13,36894
897,648,2019-02-13,88865
898,649,2019-02-13,58443
899,868,2019-02-13,6268
900,811,2019-02-13,56363
901,502,2019-02-22,52075
902,800,2019-02-22,569
903,717,2019-02-22,97156
904,506,2019-02-22,70348
905,581,2019-02-22,58332
906,521,2019-02-22,86391
907,602,2019-02-22,23129
908,555,2019-02-22,1259
909,828,2019-02-22,55436
910,609,2019-02-22,2773
911,526,2019-02-22,15039
912,543,2019-02-22,87062
913,610,2019-02-22,5933
914,866,2019-02-22,50159
915,802,2019-02-22,4955
916,523,2019-02-22,4838
917,855,2019-02-22,72328
918,632,2019-02-22,47499
919,501,2019-02-22,85325
920,532,2019-02-22,70238
921,803,2019-02-22,87549
922,825,2019-02-22,66657
923,549,2019-02-22,67640
924,675,2019-02-22,60356
925,807,2019-02-22,37427
926,682,2019-02-22,29648
927,565,2019-02-22,14807
928,771,2019-02-22,78456
929,862,2019-02-22,92339
930,514,2019-02-22,65900
931,538,2019-02-22,46621
932,813,2019-02-22,75250
933,648,2019-02-22,55202
934,649,2019-02-22,19845
935,868,2019-02-22,87617
936,811,2019-02-22,52667
937,502,2019-02-02,64716
938,800,2019-02-02,5460
939,717,2019-02-02,38739
940,506,2019-02-02,68754
941,581,2019-02-02,21594
942,521,2019-02-02,51692
943,602,2019-02-02,22851
944,555,2019-02-02,10180
945,828,2019-02-02,39687
946,609,2019-02-02,3812
947,526,2019-02-02,27745
948,543,2019-02-02,17564
949,610,2019-02-02,6066
950,866,2019-02-02,91722
951,802,2019-02-02,47206
952,523,2019-02-02,61981
953,855,2019-02-02,91024
954,632,2019-02-02,37994
955,501,2019-02-02,73855
956,532,2019-02-02,70829
957,803,2019-02-02,96014
958,825,2019-02-02,37914
959,549,2019-02-02,65034
960,675,2019-02-02,92968
961,807,2019-02-02,76625
962,682,2019-02-02,55883
963,565,2019-02-02,53338
964,771,2019-02-02,78684
965,862,2019-02-02,35831
966,514,2019-02-02,7499
967,538,2019-02-02,40420
968,813,2019-02-02,48885
969,648,2019-02-02,78132
970,649,2019-02-02,87529
971,868,2019-02-02,64314
972,811,2019-02-02,52777
973,502,2019-01-22,2235
974,800,2019-01-22,27607
975,717,2019-01-22,48317
976,506,2019-01-22,58628
977,581,2019-01-22,99160
978,521,2019-01-22,88881
979,602,2019-01-22,38807
980,555,2019-01-22,86336
981,828,2019-01-22,76464
982,609,2019-01-22,12304
983,526,2019-01-22,33105
984,543,2019-01-22,97741
985,610,2019-01-22,14195
986,866,2019-01-22,40255
987,802,2019-01-22,86429
988,523,2019-01-22,37666
989,855,2019-01-22,4636
990,632,2019-01-22,44398
991,501,2019-01-22,78374
992,532,2019-01-22,37876
993,803,2019-01-22,50467
994,825,2019-01-22,56132
995,549,2019-01-22,4640
996,675,2019-01-22,67452
997,807,2019-01-22,87422
998,682,2019-01-22,34062
999,565,2019-01-22,23815
1000,771,2019-01-22,51284
1001,862,2019-01-22,55545
1002,514,2019-01-22,93458
1003,538,2019-01-22,22585
1004,813,2019-01-22,43093
1005,648,2019-01-22,49715
1006,649,2019-01-22,56352
1007,868,2019-01-22,91169
1008,811,2019-01-22,79549
1009,502,2019-01-28,77739
1010,800,2019-01-28,75755
1011,717,2019-01-28,40989
1012,506,2019-01-28,1217
1013,581,2019-01-28,68711
1014,521,2019-01-28,629
1015,602,2019-01-28,44482
1016,555,2019-01-28,63328
1017,828,2019-01-28,22629
1018,609,2019-01-28,26914
1019,526,2019-01-28,9234
1020,543,2019-01-28,47028
1021,610,2019-01-28,22189
1022,866,2019-01-28,41222
1023,802,2019-01-28,59074
1024,523,2019-01-28,71749
1025,855,2019-01-28,38727
1026,632,2019-01-28,3649
1027,501,2019-01-28,41267
1028,532,2019-01-28,57351
1029,803,2019-01-28,31419
1030,825,2019-01-28,68058
1031,549,2019-01-28,27716
1032,675,2019-01-28,52444
1033,807,2019-01-28,75793
1034,682,2019-01-28,77126
1035,565,2019-01-28,43386
1036,771,2019-01-28,86241
1037,862,2019-01-28,22720
1038,514,2019-01-28,77459
1039,538,2019-01-28,50679
1040,813,2019-01-28,80858
1041,648,2019-01-28,56000
1042,649,2019-01-28,29546
1043,868,2019-01-28,74972
1044,811,2019-01-28,63491
1045,502,2019-02-17,90971
1046,800,2019-02-17,10489
1047,717,2019-02-17,23685
1048,506,2019-02-17,23760
1049,581,2019-02-17,64398
1050,521,2019-02-17,3002
1051,602,2019-02-17,38152
1052,555,2019-02-17,5207
1053,828,2019-02-17,51238
1054,609,2019-02-17,5548
1055,526,2019-02-17,59105
1056,543,2019-02-17,42926
1057,610,2019-02-17,83728
1058,866,2019-02-17,50122
1059,802,2019-02-17,96931
1060,523,2019-02-17,97920
1061,855,2019-02-17,94506
1062,632,2019-02-17,88682
1063,501,2019-02-17,11306
1064,532,2019-02-17,33128
1065,803,2019-02-17,84576
1066,825,2019-02-17,69638
1067,549,2019-02-17,19977
1068,675,2019-02-17,25036
1069,807,2019-02-17,68898
1070,682,2019-02-17,80212
1071,565,2019-02-17,36529
1072,771,2019-02-17,66339
1073,862,2019-02-17,92850
1074,514,2019-02-17,42177
1075,538,2019-02-17,64251
1076,813,2019-02-17,14535
1077,648,2019-02-17,8605
1078,649,2019-02-17,57660
1079,868,2019-02-17,93044
1080,811,2019-02-17,43331
1081,502,2019-01-09,88620
1082,800,2019-01-09,37902
1083,717,2019-01-09,48189
1084,506,2019-01-09,72940
1085,581,2019-01-09,87233
1086,521,2019-01-09,33872
1087,602,2019-01-09,76716
1088,555,2019-01-09,33969
1089,828,2019-01-09,53227
1090,609,2019-01-09,17779
1091,526,2019-01-09,75092
1092,543,2019-01-09,33997
1093,610,2019-01-09,53354
1094,866,2019-01-09,17469
1095,802,2019-01-09,36085
1096,523,2019-01-09,65004
1097,855,2019-01-09,52498
1098,632,2019-01-09,61442
1099,501,2019-01-09,91572
1100,532,2019-01-09,72109
1101,803,2019-01-09,46765
1102,825,2019-01-09,93967
1103,549,2019-01-09,51201
1104,675,2019-01-09,56858
1105,807,2019-01-09,50194
1106,682,2019-01-09,76703
1107,565,2019-01-09,17233
1108,771,2019-01-09,35687
1109,862,2019-01-09,34303
1110,514,2019-01-09,513
1111,538,2019-01-09,23823
1112,813,2019-01-09,36355
1113,648,2019-01-09,32716
1114,649,2019-01-09,75918
1115,868,2019-01-09,12904
1116,811,2019-01-09,74286
1117,502,2019-02-10,28476
1118,800,2019-02-10,18865
1119,717,2019-02-10,57557
1120,506,2019-02-10,92451
1121,581,2019-02-10,98408
1122,521,2019-02-10,52445
1123,602,2019-02-10,16579
1124,555,2019-02-10,8233
1125,828,2019-02-10,85844
1126,609,2019-02-10,44886
1127,526,2019-02-10,97887
1128,543,2019-02-10,54999
1129,610,2019-02-10,58678
1130,866,2019-02-10,63830
1131,802,2019-02-10,52175
1132,523,2019-02-10,68632
1133,855,2019-02-10,33213
1134,632,2019-02-10,52964
1135,501,2019-02-10,43683
1136,532,2019-02-10,54938
1137,803,2019-02-10,66036
1138,825,2019-02-10,32621
1139,549,2019-02-10,39695
1140,675,2019-02-10,23742
1141,807,2019-02-10,85422
1142,682,2019-02-10,72983
1143,565,2019-02-10,63818
1144,771,2019-02-10,45301
1145,862,2019-02-10,26869
1146,514,2019-02-10,78634
1147,538,2019-02-10,12926
1148,813,2019-02-10,81841
1149,648,2019-02-10,20508
1150,649,2019-02-10,4140
1151,868,2019-02-10,20577
1152,811,2019-02-10,40401
1153,502,2019-01-21,51929
1154,800,2019-01-21,33992
1155,717,2019-01-21,8057
1156,506,2019-01-21,29203
1157,581,2019-01-21,40868
1158,521,2019-01-21,73965
1159,602,2019-01-21,72595
1160,555,2019-01-21,82890
1161,828,2019-01-21,71158
1162,609,2019-01-21,39847
1163,526,2019-01-21,27827
1164,543,2019-01-21,37659
1165,610,2019-01-21,35803
1166,866,2019-01-21,8396
1167,802,2019-01-21,96035
1168,523,2019-01-21,75189
1169,855,2019-01-21,50297
1170,632,2019-01-21,39018
1171,501,2019-01-21,99886
1172,532,2019-01-21,71969
1173,803,2019-01-21,99936
1174,825,2019-01-21,6776
1175,549,2019-01-21,60537
1176,675,2019-01-21,48152
1177,807,2019-01-21,69364
1178,682,2019-01-21,80444
1179,565,2019-01-21,16183
1180,771,2019-01-21,62363
1181,862,2019-01-21,78830
1182,514,2019-01-21,58351
1183,538,2019-01-21,39409
1184,813,2019-01-21,95168
1185,648,2019-01-21,5971
1186,649,2019-01-21,64318
1187,868,2019-01-21,45170
1188,811,2019-01-21,27137
1189,502,2019-01-01,30319
1190,800,2019-01-01,90817
1191,717,2019-01-01,27727
1192,506,2019-01-01,68255
1193,581,2019-01-01,99245
1194,521,2019-01-01,90535
1195,602,2019-01-01,56852
1196,555,2019-01-01,32634
1197,828,2019-01-01,32638
1198,609,2019-01-01,78180
1199,526,2019-01-01,22196
1200,543,2019-01-01,55754
1201,610,2019-01-01,86815
1202,866,2019-01-01,50777
1203,802,2019-01-01,78704
1204,523,2019-01-01,95767
1205,855,2019-01-01,56145
1206,632,2019-01-01,36841
1207,501,2019-01-01,95343
1208,532,2019-01-01,89775
1209,803,2019-01-01,88357
1210,825,2019-01-01,85767
1211,549,2019-01-01,81655
1212,675,2019-01-01,42642
1213,807,2019-01-01,15173
1214,682,2019-01-01,54112
1215,565,2019-01-01,90164
1216,771,2019-01-01,7225
1217,862,2019-01-01,43197
1218,514,2019-01-01,86154
1219,538,2019-01-01,89990
1220,813,2019-01-01,66325
1221,648,2019-01-01,35256
1222,649,2019-01-01,19686
1223,868,2019-01-01,60272
1224,811,2019-01-01,22094
1225,502,2019-01-16,98647
1226,800,2019-01-16,26684
1227,717,2019-01-16,26251
1228,506,2019-01-16,70878
1229,581,2019-01-16,7177
1230,521,2019-01-16,5879
1231,602,2019-01-16,59978
1232,555,2019-01-16,31710
1233,828,2019-01-16,14672
1234,609,2019-01-16,34396
1235,526,2019-01-16,4768
1236,543,2019-01-16,35067
1237,610,2019-01-16,70660
1238,866,2019-01-16,21471
1239,802,2019-01-16,49935
1240,523,2019-01-16,59300
1241,855,2019-01-16,71400
1242,632,2019-01-16,10415
1243,501,2019-01-16,18037
1244,532,2019-01-16,7232
1245,803,2019-01-16,64173
1246,825,2019-01-16,73632
1247,549,2019-01-16,67349
1248,675,2019-01-16,42741
1249,807,2019-01-16,94267
1250,682,2019-01-16,42750
1251,565,2019-01-16,15137
1252,771,2019-01-16,56987
1253,862,2019-01-16,42470
1254,514,2019-01-16,13095
1255,538,2019-01-16,63929
1256,813,2019-01-16,86232
1257,648,2019-01-16,72382
1258,649,2019-01-16,42477
1259,868,2019-01-16,30564
1260,811,2019-01-16,32342
1261,502,2019-01-06,87091
1262,800,2019-01-06,289
1263,717,2019-01-06,40615
1264,506,2019-01-06,87169
1265,581,2019-01-06,95895
1266,521,2019-01-06,75933
1267,602,2019-01-06,19267
1268,555,2019-01-06,64518
1269,828,2019-01-06,68541
1270,609,2019-01-06,6418
1271,526,2019-01-06,74627
1272,543,2019-01-06,11458
1273,610,2019-01-06,29646
1274,866,2019-01-06,71551
1275,802,2019-01-06,77632
1276,523,2019-01-06,20563
1277,855,2019-01-06,37590
1278,632,2019-01-06,89562
1279,501,2019-01-06,8096
1280,532,2019-01-06,60025
1281,803,2019-01-06,55388
1282,825,2019-01-06,49153
1283,549,2019-01-06,45066
1284,675,2019-01-06,8158
1285,807,2019-01-06,62486
1286,682,2019-01-06,50116
1287,565,2019-01-06,74674
1288,771,2019-01-06,15900
1289,862,2019-01-06,24953
1290,514,2019-01-06,65749
1291,538,2019-01-06,26168
1292,813,2019-01-06,17897
1293,648,2019-01-06,91906
1294,649,2019-01-06,42870
1295,868,2019-01-06,75086
1296,811,2019-01-06,69248
1297,502,2019-01-08,31219
1298,800,2019-01-08,3558
1299,717,2019-01-08,19884
1300,506,2019-01-08,25745
1301,581,2019-01-08,79214
1302,521,2019-01-08,16469
1303,602,2019-01-08,45622
1304,555,2019-01-08,74304
1305,828,2019-01-08,4154
1306,609,2019-01-08,32097
1307,526,2019-01-08,372
1308,543,2019-01-08,29191
1309,610,2019-01-08,55364
1310,866,2019-01-08,28440
1311,802,2019-01-08,37446
1312,523,2019-01-08,1287
1313,855,2019-01-08,47123
1314,632,2019-01-08,52959
1315,501,2019-01-08,88654
1316,532,2019-01-08,74876
1317,803,2019-01-08,62079
1318,825,2019-01-08,53312
1319,549,2019-01-08,60928
1320,675,2019-01-08,64057
1321,807,2019-01-08,96947
1322,682,2019-01-08,20365
1323,565,2019-01-08,66375
1324,771,2019-01-08,32306
1325,862,2019-01-08,77289
1326,514,2019-01-08,11210
1327,538,2019-01-08,79214
1328,813,2019-01-08,96374
1329,648,2019-01-08,19586
1330,649,2019-01-08,84576
1331,868,2019-01-08,91765
1332,811,2019-01-08,28012
1333,502,2019-01-29,803
1334,800,2019-01-29,68305
1335,717,2019-01-29,18708
1336,506,2019-01-29,88844
1337,581,2019-01-29,62808
1338,521,2019-01-29,99309
1339,602,2019-01-29,21892
1340,555,2019-01-29,14322
1341,828,2019-01-29,51107
1342,609,2019-01-29,25822
1343,526,2019-01-29,52263
1344,543,2019-01-29,50404
1345,610,2019-01-29,46501
1346,866,2019-01-29,27516
1347,802,2019-01-29,66517
1348,523,2019-01-29,93577
1349,855,2019-01-29,61501
1350,632,2019-01-29,18522
1351,501,2019-01-29,67548
1352,532,2019-01-29,31442
1353,803,2019-01-29,23621
1354,825,2019-01-29,17963
1355,549,2019-01-29,3515
1356,675,2019-01-29,65853
1357,807,2019-01-29,15440
1358,682,2019-01-29,35225
1359,565,2019-01-29,61748
1360,771,2019-01-29,2300
1361,862,2019-01-29,46100
1362,514,2019-01-29,90579
1363,538,2019-01-29,45046
1364,813,2019-01-29,52915
1365,648,2019-01-29,42696
1366,649,2019-01-29,83557
1367,868,2019-01-29,25081
1368,811,2019-01-29,69197
1369,502,2019-01-15,37585
1370,800,2019-01-15,17867
1371,717,2019-01-15,20449
1372,506,2019-01-15,94740
1373,581,2019-01-15,83359
1374,521,2019-01-15,15197
1375,602,2019-01-15,31931
1376,555,2019-01-15,69069
1377,828,2019-01-15,22968
1378,609,2019-01-15,2435
1379,526,2019-01-15,83052
1380,543,2019-01-15,90960
1381,610,2019-01-15,13576
1382,866,2019-01-15,16859
1383,802,2019-01-15,97920
1384,523,2019-01-15,37299
1385,855,2019-01-15,84292
1386,632,2019-01-15,10104
1387,501,2019-01-15,53968
1388,532,2019-01-15,29603
1389,803,2019-01-15,34639
1390,825,2019-01-15,90923
1391,549,2019-01-15,27803
1392,675,2019-01-15,16024
1393,807,2019-01-15,77211
1394,682,2019-01-15,88985
1395,565,2019-01-15,68475
1396,771,2019-01-15,92838
1397,862,2019-01-15,26474
1398,514,2019-01-15,87581
1399,538,2019-01-15,80451
1400,813,2019-01-15,91792
1401,648,2019-01-15,61514
1402,649,2019-01-15,99372
1403,868,2019-01-15,84146
1404,811,2019-01-15,44393
1405,502,2019-02-08,23871
1406,800,2019-02-08,95351
1407,717,2019-02-08,83090
1408,506,2019-02-08,3077
1409,581,2019-02-08,69750
1410,521,2019-02-08,66577
1411,602,2019-02-08,78062
1412,555,2019-02-08,76290
1413,828,2019-02-08,8580
1414,609,2019-02-08,38710
1415,526,2019-02-08,59098
1416,543,2019-02-08,47358
1417,610,2019-02-08,63599
1418,866,2019-02-08,61518
1419,802,2019-02-08,72075
1420,523,2019-02-08,13932
1421,855,2019-02-08,45247
1422,632,2019-02-08,57239
1423,501,2019-02-08,80268
1424,532,2019-02-08,50244
1425,803,2019-02-08,75860
1426,825,2019-02-08,33953
1427,549,2019-02-08,8676
1428,675,2019-02-08,94454
1429,807,2019-02-08,73790
1430,682,2019-02-08,70454
1431,565,2019-02-08,8242
1432,771,2019-02-08,64519
1433,862,2019-02-08,35767
1434,514,2019-02-08,86502
1435,538,2019-02-08,92480
1436,813,2019-02-08,72150
1437,648,2019-02-08,41464
1438,649,2019-02-08,26126
1439,868,2019-02-08,8716
1440,811,2019-02-08,18669
1441,502,2019-02-07,48790
1442,800,2019-02-07,47169
1443,717,2019-02-07,63578
1444,506,2019-02-07,29321
1445,581,2019-02-07,84057
1446,521,2019-02-07,24467
1447,602,2019-02-07,61891
1448,555,2019-02-07,37348
1449,828,2019-02-07,27878
1450,609,2019-02-07,67947
1451,526,2019-02-07,18802
1452,543,2019-02-07,68010
1453,610,2019-02-07,16275
1454,866,2019-02-07,69804
1455,802,2019-02-07,29022
1456,523,2019-02-07,73520
1457,855,2019-02-07,7893
1458,632,2019-02-07,4212
1459,501,2019-02-07,22309
1460,532,2019-02-07,12618
1461,803,2019-02-07,36083
1462,825,2019-02-07,30864
1463,549,2019-02-07,12345
1464,675,2019-02-07,31356
1465,807,2019-02-07,31228
1466,682,2019-02-07,32257
1467,565,2019-02-07,10981
1468,771,2019-02-07,71062
1469,862,2019-02-07,9049
1470,514,2019-02-07,4247
1471,538,2019-02-07,46427
1472,813,2019-02-07,75950
1473,648,2019-02-07,21237
1474,649,2019-02-07,9023
1475,868,2019-02-07,84481
1476,811,2019-02-07,7934
1477,502,2019-01-14,8865
1478,800,2019-01-14,76119
1479,717,2019-01-14,11257
1480,506,2019-01-14,53739
1481,581,2019-01-14,70463
1482,521,2019-01-14,34326
1483,602,2019-01-14,9462
1484,555,2019-01-14,57179
1485,828,2019-01-14,49220
1486,609,2019-01-14,71628
1487,526,2019-01-14,81253
1488,543,2019-01-14,82265
1489,610,2019-01-14,44271
1490,866,2019-01-14,95927
1491,802,2019-01-14,48921
1492,523,2019-01-14,65167
1493,855,2019-01-14,63769
1494,632,2019-01-14,39529
1495,501,2019-01-14,48142
1496,532,2019-01-14,42210
1497,803,2019-01-14,53431
1498,825,2019-01-14,28322
1499,549,2019-01-14,74923
1500,675,2019-01-14,44219
1501,807,2019-01-14,73548
1502,682,2019-01-14,223
1503,565,2019-01-14,4111
1504,771,2019-01-14,92156
1505,862,2019-01-14,38993
1506,514,2019-01-14,62678
1507,538,2019-01-14,45774
1508,813,2019-01-14,7445
1509,648,2019-01-14,58621
1510,649,2019-01-14,69818
1511,868,2019-01-14,27016
1512,811,2019-01-14,25336
1513,502,2019-02-12,69979
1514,800,2019-02-12,44267
1515,717,2019-02-12,34530
1516,506,2019-02-12,83856
1517,581,2019-02-12,81187
1518,521,2019-02-12,50209
1519,602,2019-02-12,85531
1520,555,2019-02-12,68441
1521,828,2019-02-12,42693
1522,609,2019-02-12,60622
1523,526,2019-02-12,12422
1524,543,2019-02-12,59040
1525,610,2019-02-12,31404
1526,866,2019-02-12,63891
1527,802,2019-02-12,56499
1528,523,2019-02-12,65301
1529,855,2019-02-12,485
1530,632,2019-02-12,68828
1531,501,2019-02-12,64297
1532,532,2019-02-12,17091
1533,803,2019-02-12,19046
1534,825,2019-02-12,67077
1535,549,2019-02-12,16517
1536,675,2019-02-12,74588
1537,807,2019-02-12,93854
1538,682,2019-02-12,81495
1539,565,2019-02-12,19578
1540,771,2019-02-12,21973
1541,862,2019-02-12,61433
1542,514,2019-02-12,95739
1543,538,2019-02-12,90634
1544,813,2019-02-12,29510
1545,648,2019-02-12,66552
1546,649,2019-02-12,10563
1547,868,2019-02-12,67952
1548,811,2019-02-12,35157
1549,502,2019-02-20,57214
1550,800,2019-02-20,43727
1551,717,2019-02-20,35480
1552,506,2019-02-20,91512
1553,581,2019-02-20,16241
1554,521,2019-02-20,5460
1555,602,2019-02-20,69166
1556,555,2019-02-20,55733
1557,828,2019-02-20,36135
1558,609,2019-02-20,21268
1559,526,2019-02-20,29427
1560,543,2019-02-20,28762
1561,610,2019-02-20,90405
1562,866,2019-02-20,93371
1563,802,2019-02-20,81354
1564,523,2019-02-20,99549
1565,855,2019-02-20,42039
1566,632,2019-02-20,81207
1567,501,2019-02-20,79438
1568,532,2019-02-20,70245
1569,803,2019-02-20,65991
1570,825,2019-02-20,52282
1571,549,2019-02-20,98429
1572,675,2019-02-20,68755
1573,807,2019-02-20,70849
1574,682,2019-02-20,88268
1575,565,2019-02-20,50548
1576,771,2019-02-20,64668
1577,862,2019-02-20,57967
1578,514,2019-02-20,34272
1579,538,2019-02-20,75269
1580,813,2019-02-20,84706
1581,648,2019-02-20,96095
1582,649,2019-02-20,23502
1583,868,2019-02-20,86595
1584,811,2019-02-20,96445
1585,502,2019-01-19,88516
1586,800,2019-01-19,40804
1587,717,2019-01-19,67797
1588,506,2019-01-19,8372
1589,581,2019-01-19,53759
1590,521,2019-01-19,61529
1591,602,2019-01-19,7047
1592,555,2019-01-19,69619
1593,828,2019-01-19,61653
1594,609,2019-01-19,74245
1595,526,2019-01-19,71666
1596,543,2019-01-19,49514
1597,610,2019-01-19,11755
1598,866,2019-01-19,51942
1599,802,2019-01-19,67347
1600,523,2019-01-19,96895
1601,855,2019-01-19,66549
1602,632,2019-01-19,5883
1603,501,2019-01-19,9379
1604,532,2019-01-19,69100
1605,803,2019-01-19,11912
1606,825,2019-01-19,59773
1607,549,2019-01-19,36334
1608,675,2019-01-19,83326
1609,807,2019-01-19,10272
1610,682,2019-01-19,68322
1611,565,2019-01-19,90021
1612,771,2019-01-19,78099
1613,862,2019-01-19,31322
1614,514,2019-01-19,96803
1615,538,2019-01-19,44189
1616,813,2019-01-19,52115
1617,648,2019-01-19,6170
1618,649,2019-01-19,50169
1619,868,2019-01-19,92765
1620,811,2019-01-19,78706
1621,502,2019-02-03,62376
1622,800,2019-02-03,66715
1623,717,2019-02-03,43635
1624,506,2019-02-03,45737
1625,581,2019-02-03,46236
1626,521,2019-02-03,73569
1627,602,2019-02-03,61560
1628,555,2019-02-03,23541
1629,828,2019-02-03,13311
1630,609,2019-02-03,30886
1631,526,2019-02-03,18762
1632,543,2019-02-03,82047
1633,610,2019-02-03,21923
1634,866,2019-02-03,59604
1635,802,2019-02-03,52463
1636,523,2019-02-03,44583
1637,855,2019-02-03,55387
1638,632,2019-02-03,19991
1639,501,2019-02-03,47229
1640,532,2019-02-03,44993
1641,803,2019-02-03,26778
1642,825,2019-02-03,65590
1643,549,2019-02-03,6221
1644,675,2019-02-03,52810
1645,807,2019-02-03,12140
1646,682,2019-02-03,13370
1647,565,2019-02-03,20484
1648,771,2019-02-03,74471
1649,862,2019-02-03,35529
1650,514,2019-02-03,29023
1651,538,2019-02-03,1865
1652,813,2019-02-03,70888
1653,648,2019-02-03,6128
1654,649,2019-02-03,15352
1655,868,2019-02-03,4590
1656,811,2019-02-03,2314
1657,502,2019-01-02,54808
1658,800,2019-01-02,25081
1659,717,2019-01-02,32027
1660,506,2019-01-02,71378
1661,581,2019-01-02,74653
1662,521,2019-01-02,90820
1663,602,2019-01-02,86039
1664,555,2019-01-02,3014
1665,828,2019-01-02,32281
1666,609,2019-01-02,59557
1667,526,2019-01-02,49897
1668,543,2019-01-02,41259
1669,610,2019-01-02,54792
1670,866,2019-01-02,41732
1671,802,2019-01-02,91444
1672,523,2019-01-02,44250
1673,855,2019-01-02,87131
1674,632,2019-01-02,10629
1675,501,2019-01-02,61964
1676,532,2019-01-02,41420
1677,803,2019-01-02,90145
1678,825,2019-01-02,92693
1679,549,2019-01-02,338
1680,675,2019-01-02,64357
1681,807,2019-01-02,33039
1682,682,2019-01-02,76794
1683,565,2019-01-02,4963
1684,771,2019-01-02,26259
1685,862,2019-01-02,68393
1686,514,2019-01-02,17953
1687,538,2019-01-02,85490
1688,813,2019-01-02,82408
1689,648,2019-01-02,54799
1690,649,2019-01-02,54398
1691,868,2019-01-02,24343
1692,811,2019-01-02,55129
1693,502,2019-02-25,16456
1694,800,2019-02-25,30847
1695,717,2019-02-25,89943
1696,506,2019-02-25,30641
1697,581,2019-02-25,64363
1698,521,2019-02-25,50996
1699,602,2019-02-25,41453
1700,555,2019-02-25,37036
1701,828,2019-02-25,7969
1702,609,2019-02-25,79237
1703,526,2019-02-25,25810
1704,543,2019-02-25,29343
1705,610,2019-02-25,29447
1706,866,2019-02-25,15923
1707,802,2019-02-25,96635
1708,523,2019-02-25,47570
1709,855,2019-02-25,4976
1710,632,2019-02-25,58044
1711,501,2019-02-25,63998
1712,532,2019-02-25,64744
1713,803,2019-02-25,23573
1714,825,2019-02-25,92176
1715,549,2019-02-25,57908
1716,675,2019-02-25,15939
1717,807,2019-02-25,29764
1718,682,2019-02-25,70692
1719,565,2019-02-25,65212
1720,771,2019-02-25,1616
1721,862,2019-02-25,20942
1722,514,2019-02-25,51700
1723,538,2019-02-25,75997
1724,813,2019-02-25,63830
1725,648,2019-02-25,14501
1726,649,2019-02-25,83237
1727,868,2019-02-25,73512
1728,811,2019-02-25,67301
1729,502,2019-02-23,44678
1730,800,2019-02-23,1383
1731,717,2019-02-23,14500
1732,506,2019-02-23,522
1733,581,2019-02-23,74174
1734,521,2019-02-23,10314
1735,602,2019-02-23,36126
1736,555,2019-02-23,4362
1737,828,2019-02-23,98592
1738,609,2019-02-23,94207
1739,526,2019-02-23,14863
1740,543,2019-02-23,40378
1741,610,2019-02-23,6019
1742,866,2019-02-23,96766
1743,802,2019-02-23,13281
1744,523,2019-02-23,43917
1745,855,2019-02-23,14167
1746,632,2019-02-23,56259
1747,501,2019-02-23,57348
1748,532,2019-02-23,82757
1749,803,2019-02-23,16062
1750,825,2019-02-23,67902
1751,549,2019-02-23,97940
1752,675,2019-02-23,71236
1753,807,2019-02-23,41867
1754,682,2019-02-23,40574
1755,565,2019-02-23,56063
1756,771,2019-02-23,42627
1757,862,2019-02-23,71031
1758,514,2019-02-23,72477
1759,538,2019-02-23,52743
1760,813,2019-02-23,4592
1761,648,2019-02-23,67393
1762,649,2019-02-23,90926
1763,868,2019-02-23,46987
1764,811,2019-02-23,31290
1765,502,2019-02-21,69624
1766,800,2019-02-21,92383
1767,717,2019-02-21,65070
1768,506,2019-02-21,41358
1769,581,2019-02-21,45393
1770,521,2019-02-21,68608
1771,602,2019-02-21,48905
1772,555,2019-02-21,7928
1773,828,2019-02-21,76418
1774,609,2019-02-21,71632
1775,526,2019-02-21,33483
1776,543,2019-02-21,74982
1777,610,2019-02-21,628
1778,866,2019-02-21,33696
1779,802,2019-02-21,65222
1780,523,2019-02-21,19281
1781,855,2019-02-21,73410
1782,632,2019-02-21,88638
1783,501,2019-02-21,61349
1784,532,2019-02-21,60909
1785,803,2019-02-21,51245
1786,825,2019-02-21,62244
1787,549,2019-02-21,18512
1788,675,2019-02-21,63861
1789,807,2019-02-21,80562
1790,682,2019-02-21,17449
1791,565,2019-02-21,67029
1792,771,2019-02-21,94827
1793,862,2019-02-21,44952
1794,514,2019-02-21,12859
1795,538,2019-02-21,32450
1796,813,2019-02-21,75756
1797,648,2019-02-21,66318
1798,649,2019-02-21,20383
1799,868,2019-02-21,39184
1800,811,2019-02-21,98727
1801,502,2019-02-01,50084
1802,800,2019-02-01,41923
1803,717,2019-02-01,58329
1804,506,2019-02-01,46946
1805,581,2019-02-01,98007
1806,521,2019-02-01,41409
1807,602,2019-02-01,79691
1808,555,2019-02-01,43948
1809,828,2019-02-01,71412
1810,609,2019-02-01,82310
1811,526,2019-02-01,92762
1812,543,2019-02-01,39680
1813,610,2019-02-01,51907
1814,866,2019-02-01,21832
1815,802,2019-02-01,4914
1816,523,2019-02-01,15063
1817,855,2019-02-01,35631
1818,632,2019-02-01,58639
1819,501,2019-02-01,16300
1820,532,2019-02-01,65929
1821,803,2019-02-01,74518
1822,825,2019-02-01,46134
1823,549,2019-02-01,11201
1824,675,2019-02-01,56274
1825,807,2019-02-01,64393
1826,682,2019-02-01,85984
1827,565,2019-02-01,94269
1828,771,2019-02-01,13325
1829,862,2019-02-01,51886
1830,514,2019-02-01,87510
1831,538,2019-02-01,98315
1832,813,2019-02-01,12670
1833,648,2019-02-01,94930
1834,649,2019-02-01,46596
1835,868,2019-02-01,684
1836,811,2019-02-01,23049
1837,502,2019-01-05,65531
1838,800,2019-01-05,93309
1839,717,2019-01-05,88049
1840,506,2019-01-05,61621
1841,581,2019-01-05,97455
1842,521,2019-01-05,25989
1843,602,2019-01-05,65869
1844,555,2019-01-05,91058
1845,828,2019-01-05,34847
1846,609,2019-01-05,31225
1847,526,2019-01-05,364
1848,543,2019-01-05,23955
1849,610,2019-01-05,42785
1850,866,2019-01-05,99153
1851,802,2019-01-05,41063
1852,523,2019-01-05,11983
1853,855,2019-01-05,60823
1854,632,2019-01-05,74264
1855,501,2019-01-05,11696
1856,532,2019-01-05,1960
1857,803,2019-01-05,82494
1858,825,2019-01-05,40740
1859,549,2019-01-05,53854
1860,675,2019-01-05,89943
1861,807,2019-01-05,55461
1862,682,2019-01-05,71243
1863,565,2019-01-05,81583
1864,771,2019-01-05,43774
1865,862,2019-01-05,81726
1866,514,2019-01-05,61552
1867,538,2019-01-05,86644
1868,813,2019-01-05,80517
1869,648,2019-01-05,16968
1870,649,2019-01-05,87736
1871,868,2019-01-05,49628
1872,811,2019-01-05,56679
1873,502,2019-02-16,72059
1874,800,2019-02-16,61097
1875,717,2019-02-16,6043
1876,506,2019-02-16,7279
1877,581,2019-02-16,30333
1878,521,2019-02-16,89742
1879,602,2019-02-16,5268
1880,555,2019-02-16,90253
1881,828,2019-02-16,6247
1882,609,2019-02-16,76590
1883,526,2019-02-16,3451
1884,543,2019-02-16,85658
1885,610,2019-02-16,30295
1886,866,2019-02-16,15746
1887,802,2019-02-16,54132
1888,523,2019-02-16,27326
1889,855,2019-02-16,33369
1890,632,2019-02-16,51583
1891,501,2019-02-16,17560
1892,532,2019-02-16,7190
1893,803,2019-02-16,53450
1894,825,2019-02-16,96482
1895,549,2019-02-16,58184
1896,675,2019-02-16,53008
1897,807,2019-02-16,3899
1898,682,2019-02-16,95836
1899,565,2019-02-16,78504
1900,771,2019-02-16,73420
1901,862,2019-02-16,74942
1902,514,2019-02-16,19052
1903,538,2019-02-16,80421
1904,813,2019-02-16,98412
1905,648,2019-02-16,28503
1906,649,2019-02-16,41129
1907,868,2019-02-16,26721
1908,811,2019-02-16,78495
1909,502,2019-01-25,4809
1910,800,2019-01-25,44804
1911,717,2019-01-25,23861
1912,506,2019-01-25,36309
1913,581,2019-01-25,10530
1914,521,2019-01-25,21842
1915,602,2019-01-25,14848
1916,555,2019-01-25,70379
1917,828,2019-01-25,91247
1918,609,2019-01-25,93360
1919,526,2019-01-25,84220
1920,543,2019-01-25,59066
1921,610,2019-01-25,95290
1922,866,2019-01-25,17632
1923,802,2019-01-25,36896
1924,523,2019-01-25,93787
1925,855,2019-01-25,48896
1926,632,2019-01-25,70611
1927,501,2019-01-25,86054
1928,532,2019-01-25,2477
1929,803,2019-01-25,8180
1930,825,2019-01-25,71019
1931,549,2019-01-25,80978
1932,675,2019-01-25,96703
1933,807,2019-01-25,93938
1934,682,2019-01-25,45494
1935,565,2019-01-25,92843
1936,771,2019-01-25,67308
1937,862,2019-01-25,42481
1938,514,2019-01-25,48381
1939,538,2019-01-25,91023
1940,813,2019-01-25,3745
1941,648,2019-01-25,3182
1942,649,2019-01-25,90979
1943,868,2019-01-25,92324
1944,811,2019-01-25,96995
1945,502,2019-01-18,88932
1946,800,2019-01-18,21285
1947,717,2019-01-18,13255
1948,506,2019-01-18,48338
1949,581,2019-01-18,97432
1950,521,2019-01-18,14606
1951,602,2019-01-18,61904
1952,555,2019-01-18,12548
1953,828,2019-01-18,94517
1954,609,2019-01-18,56191
1955,526,2019-01-18,21711
1956,543,2019-01-18,85953
1957,610,2019-01-18,47996
1958,866,2019-01-18,82884
1959,802,2019-01-18,14974
1960,523,2019-01-18,53796
1961,855,2019-01-18,39560
1962,632,2019-01-18,44966
1963,501,2019-01-18,20215
1964,532,2019-01-18,85788
1965,803,2019-01-18,65232
1966,825,2019-01-18,39565
1967,549,2019-01-18,31562
1968,675,2019-01-18,35665
1969,807,2019-01-18,46678
1970,682,2019-01-18,74357
1971,565,2019-01-18,4599
1972,771,2019-01-18,94074
1973,862,2019-01-18,55432
1974,514,2019-01-18,62601
1975,538,2019-01-18,53961
1976,813,2019-01-18,66669
1977,648,2019-01-18,50670
1978,649,2019-01-18,69741
1979,868,2019-01-18,59131
1980,811,2019-01-18,95115
1981,502,2019-01-31,7118
1982,800,2019-01-31,15494
1983,717,2019-01-31,86381
1984,506,2019-01-31,14765
1985,581,2019-01-31,45897
1986,521,2019-01-31,31447
1987,602,2019-01-31,43655
1988,555,2019-01-31,81320
1989,828,2019-01-31,3966
1990,609,2019-01-31,28243
1991,526,2019-01-31,95781
1992,543,2019-01-31,82347
1993,610,2019-01-31,68019
1994,866,2019-01-31,43664
1995,802,2019-01-31,15340
1996,523,2019-01-31,54178
1997,855,2019-01-31,52337
1998,632,2019-01-31,3628
1999,501,2019-01-31,14356
2000,532,2019-01-31,77301
2001,803,2019-01-31,47846
2002,825,2019-01-31,96214
2003,549,2019-01-31,78621
2004,675,2019-01-31,17484
2005,807,2019-01-31,69112
2006,682,2019-01-31,17159
2007,565,2019-01-31,32035
2008,771,2019-01-31,32343
2009,862,2019-01-31,81753
2010,514,2019-01-31,4014
2011,538,2019-01-31,61073
2012,813,2019-01-31,13346
2013,648,2019-01-31,36128
2014,649,2019-01-31,34962
2015,868,2019-01-31,31525
2016,811,2019-01-31,1902
2017,502,2019-02-11,97193
2018,800,2019-02-11,41320
2019,717,2019-02-11,88492
2020,506,2019-02-11,18698
2021,581,2019-02-11,64914
2022,521,2019-02-11,42832
2023,602,2019-02-11,52184
2024,555,2019-02-11,36775
2025,828,2019-02-11,27968
2026,609,2019-02-11,36365
2027,526,2019-02-11,66762
2028,543,2019-02-11,89949
2029,610,2019-02-11,20176
2030,866,2019-02-11,3199
2031,802,2019-02-11,79664
2032,523,2019-02-11,90554
2033,855,2019-02-11,62453
2034,632,2019-02-11,4263
2035,501,2019-02-11,53690
2036,532,2019-02-11,23457
2037,803,2019-02-11,73914
2038,825,2019-02-11,86329
2039,549,2019-02-11,22057
2040,675,2019-02-11,42317
2041,807,2019-02-11,30464
2042,682,2019-02-11,11158
2043,565,2019-02-11,95654
2044,771,2019-02-11,86683
2045,862,2019-02-11,70949
2046,514,2019-02-11,63808
2047,538,2019-02-11,96369
2048,813,2019-02-11,64223
2049,648,2019-02-11,9800
2050,649,2019-02-11,14793
2051,868,2019-02-11,5324
2052,811,2019-02-11,11589
2053,502,2019-02-26,65642
2054,800,2019-02-26,24906
2055,717,2019-02-26,1766
2056,506,2019-02-26,4390
2057,581,2019-02-26,99299
2058,521,2019-02-26,27108
2059,602,2019-02-26,23465
2060,555,2019-02-26,40186
2061,828,2019-02-26,27347
2062,609,2019-02-26,39155
2063,526,2019-02-26,87321
2064,543,2019-02-26,14385
2065,610,2019-02-26,77894
2066,866,2019-02-26,16131
2067,802,2019-02-26,26511
2068,523,2019-02-26,18997
2069,855,2019-02-26,11792
2070,632,2019-02-26,11342
2071,501,2019-02-26,97823
2072,532,2019-02-26,4209
2073,803,2019-02-26,57893
2074,825,2019-02-26,1184
2075,549,2019-02-26,828
2076,675,2019-02-26,91757
2077,807,2019-02-26,74048
2078,682,2019-02-26,34940
2079,565,2019-02-26,35986
2080,771,2019-02-26,19918
2081,862,2019-02-26,49692
2082,514,2019-02-26,15351
2083,538,2019-02-26,11855
2084,813,2019-02-26,87759
2085,648,2019-02-26,95334
2086,649,2019-02-26,26139
2087,868,2019-02-26,24242
2088,811,2019-02-26,91639
